city,date,fare,ride_id
Lake Jonathanshire,2019-01-14,13.83,5.74E+12
South Michelleport,2019-03-04,30.24,2.34E+12
Port Samanthamouth,2019-02-24,33.44,2.01E+12
Rodneyfort,2019-02-10,23.44,5.15E+12
South Jack,2019-03-06,34.58,3.91E+12
South Latoya,2019-03-11,9.52,2.00E+12
New Paulville,2019-02-27,43.25,7.93E+11
Simpsonburgh,2019-04-26,35.98,1.12E+11
South Karenland,2019-01-08,35.09,8.00E+12
North Jasmine,2019-03-09,42.81,5.33E+12
New Kimberlyborough,2019-02-07,9.34,7.99E+12
West Angela,2019-01-12,26.86,4.82E+12
Rodneyfort,2019-03-02,44.26,2.49E+12
West Angela,2019-01-10,12.74,2.11E+12
Roberthaven,2019-05-04,25.66,1.03E+12
North Jason,2019-03-28,9.19,7.01E+12
Williamsview,2019-01-03,18.93,1.98E+12
Leahton,2019-02-26,8.85,6.97E+12
West Anthony,2019-03-06,10.02,9.40E+12
New Kimberlyborough,2019-04-25,29.67,4.82E+12
Roberthaven,2019-02-24,7.8,2.18E+12
New Paulton,2019-05-01,8.28,8.53E+12
West Patrickchester,2019-03-19,40.86,8.99E+11
Deanville,2019-04-25,41.52,6.06E+12
West Josephberg,2019-02-19,36.39,3.32E+12
West Samuelburgh,2019-05-03,41.12,7.33E+12
West Heidi,2019-03-14,24.4,4.91E+12
Loganberg,2019-04-01,8.23,6.79E+11
Huntermouth,2019-02-10,25.79,1.88E+12
South Latoya,2019-01-11,27.41,8.66E+12
New Paulville,2019-03-18,25.05,5.03E+12
Grahamburgh,2019-01-15,40.69,3.07E+11
Port Frank,2019-02-02,41.47,6.75E+12
East Kaylahaven,2019-02-28,25.96,3.66E+12
Rodneyfort,2019-02-03,44.86,2.33E+12
South Karenland,2019-02-12,36.01,4.02E+12
West Robert,2019-02-15,12.28,1.44E+12
North Markport,2019-02-18,38.09,9.25E+11
Williamsview,2019-03-12,8.35,1.94E+12
Richardfort,2019-02-24,13.93,5.63E+12
New Kimberlyborough,2019-03-14,27.9,6.75E+12
Reynoldsfurt,2019-03-25,34.06,6.60E+12
South Karenland,2019-05-08,41.33,5.69E+12
Rodneyfort,2019-04-25,21.7,8.53E+12
Justinberg,2019-04-23,14.65,9.88E+12
West Josephberg,2019-03-05,12.91,1.03E+11
South Karenland,2019-03-03,37.3,4.10E+12
Leahton,2019-05-05,17.05,5.85E+12
Martinezhaven,2019-03-19,5.3,2.64E+11
North Jason,2019-03-03,28.02,2.67E+12
Jerryton,2019-03-03,28.08,6.00E+12
Lake Scottton,2019-02-18,25.02,3.91E+12
South Evanton,2019-02-14,42.5,9.95E+12
Rogerston,2019-05-08,32.69,1.64E+12
West Samuelburgh,2019-05-02,38.77,2.93E+12
West Ericstad,2019-04-24,7.31,4.29E+12
New Paulville,2019-03-10,4.43,1.21E+12
Hurleymouth,2019-05-04,21.44,4.04E+12
West Samuelburgh,2019-03-03,25.17,1.78E+12
Joneschester,2019-03-01,34.71,3.34E+12
New Paulville,2019-04-03,32.7,9.56E+12
Simpsonburgh,2019-01-19,15.83,2.33E+11
Port Angela,2019-04-17,16.34,7.12E+12
West Ericstad,2019-04-04,28.52,6.43E+12
New Kimberlyborough,2019-03-16,17.19,2.77E+12
Joneschester,2019-01-30,36.78,1.66E+12
North Markport,2019-04-26,44.37,1.63E+12
Hurleymouth,2019-03-22,32.85,8.45E+12
Barajasview,2019-01-15,19.52,8.27E+12
Grahamburgh,2019-04-06,23.87,1.47E+12
South Michelleport,2019-03-02,33.12,8.14E+11
Loganberg,2019-01-07,16.26,9.05E+12
West Christopherberg,2019-03-18,12.64,1.06E+12
Rogerston,2019-02-23,14.04,7.65E+12
Huntermouth,2019-02-24,39.12,9.28E+11
New Jacobville,2019-02-09,7.11,3.86E+12
Lake Jonathanshire,2019-04-07,31.25,4.44E+12
Port David,2019-03-17,33.11,1.03E+12
Martinezhaven,2019-02-20,13.34,2.76E+12
Port Frank,2019-04-19,26.47,6.72E+12
Valentineton,2019-03-02,39.77,6.77E+12
Hurleymouth,2019-03-03,36.31,1.67E+11
Carriemouth,2019-02-25,32.37,6.92E+12
Port Samanthamouth,2019-04-16,9.2,8.71E+12
Williamsstad,2019-01-23,19.62,1.26E+11
Royland,2019-01-07,24.5,3.62E+12
New Jacobville,2019-01-05,34.11,2.83E+12
Roberthaven,2019-03-06,12.38,3.37E+12
South Evanton,2019-01-07,43.61,9.12E+12
New Paulton,2019-05-03,21.67,9.09E+12
Karenberg,2019-03-11,36.15,7.80E+12
Rodneyfort,2019-01-30,16.99,5.78E+12
East Kaylahaven,2019-04-04,23.18,57422927996
Huntermouth,2019-02-19,7.05,1.62E+12
Barajasview,2019-01-23,37.68,4.11E+12
Williamsstad,2019-03-29,35.58,4.75E+12
North Jason,2019-03-08,25.21,3.18E+12
Christopherfurt,2019-04-17,23.3,7.82E+12
Liumouth,2019-01-11,36.78,1.46E+12
Johnton,2019-01-17,32.19,8.53E+12
West Angela,2019-03-08,41.06,6.20E+12
Jerryton,2019-01-04,37.2,5.64E+12
Erikaland,2019-02-18,20.62,3.29E+12
North Jason,2019-02-07,20,4.74E+11
Lake Scottton,2019-05-05,18.77,4.05E+11
Simpsonburgh,2019-03-22,22.05,3.50E+12
Raymondhaven,2019-03-12,16.98,6.45E+12
West Robert,2019-04-05,44.58,4.25E+12
North Jason,2019-03-18,6.41,2.87E+12
Port Samanthamouth,2019-01-23,35.51,3.12E+12
West Robert,2019-01-21,27.11,1.37E+12
Jerryton,2019-01-05,37.91,1.59E+12
Port Samanthamouth,2019-02-03,18.03,9.29E+12
Liumouth,2019-01-15,14.55,4.38E+12
West Heidi,2019-04-03,24.76,1.82E+12
Loganberg,2019-01-21,22.86,1.95E+12
Grahamburgh,2019-02-17,30.25,4.05E+12
Raymondhaven,2019-05-06,25.76,8.72E+12
Karenside,2019-01-25,14.52,2.65E+12
Port Frank,2019-04-06,18.08,5.47E+12
Leahton,2019-04-02,22.76,5.81E+12
Port Samanthamouth,2019-04-22,29.67,3.15E+12
Jerryton,2019-04-13,32.08,8.50E+12
West Patrickchester,2019-03-07,23.66,3.07E+12
West Samuelburgh,2019-03-03,27.48,1.01E+11
North Markport,2019-03-31,29.41,3.09E+12
West Angela,2019-03-10,27.1,1.37E+12
Grahamburgh,2019-03-12,22.97,4.90E+12
South Michelleport,2019-01-08,23.77,4.92E+12
East Kaylahaven,2019-04-02,9.67,2.09E+12
South Karenland,2019-04-22,22.86,6.73E+12
Lake Danielberg,2019-02-24,9.63,9.15E+12
Justinberg,2019-04-26,8.83,1.82E+12
Karenberg,2019-04-29,28.41,9.05E+12
South Phillip,2019-02-09,7.89,3.20E+12
North Madeline,2019-04-05,29.69,2.41E+11
New Kimberlyborough,2019-05-01,22.59,9.25E+12
South Jack,2019-04-24,38.04,2.20E+12
Erikaland,2019-03-11,27.39,1.32E+11
New Paulville,2019-03-27,7.29,7.05E+12
Hurleymouth,2019-03-26,41.15,4.71E+12
Liumouth,2019-04-12,43.34,7.86E+12
Deanville,2019-05-01,8.28,5.93E+11
Karenside,2019-04-02,41.93,4.09E+12
West Angela,2019-01-30,19.13,2.08E+12
Liumouth,2019-02-01,24.81,5.47E+12
Jerryton,2019-03-27,13.29,8.96E+12
South Phillip,2019-05-04,28.3,8.70E+12
Port Johnbury,2019-04-27,25.67,2.75E+12
Raymondhaven,2019-02-08,5.7,3.93E+12
Port David,2019-03-07,42.04,9.91E+12
Robertport,2019-03-06,6.73,9.68E+12
Loganberg,2019-03-16,23.99,9.49E+12
Karenside,2019-04-19,36.01,1.32E+12
Lake Jonathanshire,2019-03-09,19.89,2.39E+12
Pattyland,2019-01-30,8.57,4.69E+12
West Robert,2019-04-13,32.94,9.60E+12
Justinberg,2019-04-12,17.03,8.37E+12
West Josephberg,2019-02-09,4.42,8.30E+12
North Markport,2019-01-21,27.68,4.56E+12
Williamsview,2019-01-09,44.46,2.20E+12
Raymondhaven,2019-02-01,13.86,8.72E+12
South Latoya,2019-02-12,30.22,7.39E+12
Deanville,2019-03-29,5.32,2.61E+12
Amandaburgh,2019-03-05,26.28,9.07E+11
Jerryton,2019-01-27,29.08,6.16E+12
Deanville,2019-03-24,30.55,5.28E+12
West Anthony,2019-01-23,23.24,5.97E+11
West Anthony,2019-02-24,39.2,8.49E+12
West Heidi,2019-03-30,22.41,1.71E+12
Royland,2019-01-01,7.57,5.82E+12
South Latoya,2019-03-02,10.35,3.38E+11
Johnton,2019-01-08,43.75,1.95E+11
West Angela,2019-01-30,32.31,7.29E+12
Rodneyfort,2019-01-08,29.4,1.18E+12
Royland,2019-01-02,10.19,6.68E+11
New Paulville,2019-01-31,20.8,1.09E+12
Huntermouth,2019-04-09,35.11,3.01E+12
New Paulville,2019-01-30,7.02,8.50E+12
Justinberg,2019-05-03,36.06,9.30E+11
Port Angela,2019-03-31,30.77,6.62E+11
Port Angela,2019-04-09,11.9,7.01E+12
Christopherfurt,2019-01-05,33.51,1.90E+12
South Michelleport,2019-04-22,43.62,4.66E+12
Williamsstad,2019-02-13,33.72,3.80E+12
Lake Jonathanshire,2019-04-07,24.28,7.80E+12
Robertport,2019-03-20,20.21,9.63E+12
Port Angela,2019-02-08,30.38,5.17E+12
Barajasview,2019-02-08,24.49,2.61E+12
South Evanton,2019-01-24,17.83,3.00E+12
Lake Danielberg,2019-02-13,43.96,1.00E+11
Royland,2019-04-19,25.4,9.85E+12
Rodneyfort,2019-02-08,30.02,2.50E+12
East Kaylahaven,2019-01-17,40.82,6.34E+12
West Christopherberg,2019-01-17,9.04,5.15E+12
New Jacobville,2019-01-15,27.24,3.81E+12
Lake Jonathanshire,2019-01-02,13.89,4.24E+11
Port Samanthamouth,2019-04-25,25.5,1.17E+12
West Heidi,2019-03-26,22.33,8.26E+11
Karenside,2019-04-14,13.13,3.66E+12
Valentineton,2019-02-01,9.68,2.13E+12
Raymondhaven,2019-02-23,4.24,2.94E+11
Carriemouth,2019-03-11,16.78,1.52E+12
West Josephberg,2019-01-16,7.04,2.51E+12
Port Samanthamouth,2019-03-01,43.25,1.39E+12
Karenberg,2019-03-30,24.64,4.54E+12
New Paulton,2019-03-10,28,1.07E+12
Joneschester,2019-02-07,6.34,2.61E+12
North Jasmine,2019-02-08,4.86,1.28E+12
Valentineton,2019-02-27,25.4,6.15E+12
New Paulton,2019-02-20,24.29,7.74E+12
South Evanton,2019-04-28,22.86,7.59E+12
North Jasmine,2019-01-22,31.68,7.12E+11
West Anthony,2019-03-17,35.42,4.56E+12
Jerryton,2019-04-29,41.27,9.03E+11
Grahamburgh,2019-01-09,13.55,5.46E+12
South Jack,2019-03-30,4.2,4.82E+12
West Christopherberg,2019-01-23,30.93,5.34E+12
Lake Scottton,2019-03-26,9.79,1.83E+12
West Patrickchester,2019-01-14,24.82,5.93E+12
Royland,2019-01-17,27.92,3.15E+12
South Karenland,2019-02-14,39.53,2.86E+12
Erikaland,2019-03-27,36.52,2.20E+12
Rodneyfort,2019-03-20,42.57,6.35E+12
Williamsstad,2019-05-01,26.81,4.54E+12
Richardfort,2019-02-13,14,9.10E+11
West Ericstad,2019-01-25,20.03,3.28E+12
Grahamburgh,2019-03-05,4.33,8.04E+11
North Barbara,2019-05-04,24.09,9.28E+12
West Robert,2019-01-04,35.35,9.55E+12
Justinberg,2019-03-14,36.32,6.77E+12
South Michelleport,2019-03-03,41.62,2.34E+12
North Jasmine,2019-02-22,25.33,1.32E+12
Barajasview,2019-03-01,28.25,7.23E+12
Carriemouth,2019-04-04,12.91,4.28E+12
Amandaburgh,2019-02-24,43.66,6.57E+12
Johnton,2019-03-27,18.89,3.63E+12
Port Angela,2019-03-04,40.35,4.93E+12
Rodneyfort,2019-05-06,27.16,3.77E+12
Amandaburgh,2019-02-10,36.17,6.46E+12
North Madeline,2019-02-25,13.58,4.93E+12
West Angela,2019-03-01,30.3,9.67E+12
Joneschester,2019-01-03,25.47,5.54E+12
Joneschester,2019-01-03,17.97,5.44E+12
South Phillip,2019-01-29,35.23,7.42E+12
Liumouth,2019-03-30,4.66,3.16E+12
West Anthony,2019-01-10,32.34,1.48E+12
North Jason,2019-02-26,13.88,2.49E+12
North Jason,2019-03-21,10.42,6.60E+12
Carriemouth,2019-04-28,11.46,6.99E+12
Huntermouth,2019-05-04,36.77,7.19E+12
South Phillip,2019-04-18,39.95,9.72E+12
South Jack,2019-02-01,28.37,3.37E+12
Port Johnbury,2019-05-05,25.3,2.54E+12
South Phillip,2019-05-06,43.43,2.44E+12
North Jasmine,2019-04-10,38.24,2.96E+12
South Michelleport,2019-01-27,15.45,7.47E+12
North Madeline,2019-04-07,32.99,1.82E+12
Christopherfurt,2019-02-24,40.33,9.58E+12
Williamsstad,2019-02-23,4.68,9.11E+12
Martinezhaven,2019-04-18,34.7,2.02E+12
Simpsonburgh,2019-04-03,4.74,8.56E+12
New Jacobville,2019-02-04,27.63,4.33E+12
South Karenland,2019-02-12,5.78,8.89E+12
Royland,2019-01-27,24.56,9.66E+12
Karenside,2019-01-22,24.72,5.33E+12
West Robert,2019-05-05,10.15,9.39E+12
Port Samanthamouth,2019-04-27,12.84,5.66E+12
West Samuelburgh,2019-03-07,14.55,7.16E+12
New Kimberlyborough,2019-03-29,42.51,8.30E+12
Port David,2019-03-27,15.64,5.34E+12
Karenside,2019-03-18,36.96,7.61E+12
New Paulton,2019-02-08,39.65,8.51E+12
West Ericstad,2019-01-08,32.99,6.69E+12
Port Johnbury,2019-03-21,32.8,5.45E+12
Port Samanthamouth,2019-03-27,16.05,1.41E+12
Port Frank,2019-01-08,42.13,2.10E+12
Lake Jonathanshire,2019-04-06,16.84,6.16E+12
West Angela,2019-02-05,36.37,7.83E+12
Port Samanthamouth,2019-03-27,21.46,9.99E+12
North Madeline,2019-03-04,21.38,9.54E+12
Williamsview,2019-01-15,44.33,4.63E+12
Grahamburgh,2019-02-21,22.65,8.16E+11
South Evanton,2019-03-06,30.87,5.81E+12
Loganberg,2019-03-27,4.72,6.12E+12
Carriemouth,2019-02-21,44.18,4.53E+12
Port David,2019-01-02,7.45,6.15E+12
West Heidi,2019-01-30,30.84,8.94E+12
Williamsstad,2019-03-05,25.02,1.31E+12
North Barbara,2019-02-04,42.59,4.97E+12
Lake Danielberg,2019-03-17,10.18,4.71E+12
North Markport,2019-04-13,20.09,4.31E+12
Port Angela,2019-05-02,35.76,7.95E+12
Port Samanthamouth,2019-03-15,25.97,7.73E+12
West Angela,2019-05-03,24.07,7.81E+12
Leahton,2019-02-21,24.13,6.76E+12
North Markport,2019-04-28,40.46,2.57E+12
Karenside,2019-03-09,40.86,1.76E+12
Jerryton,2019-01-07,7.86,7.07E+11
South Michelleport,2019-04-14,37.93,1.53E+12
Valentineton,2019-03-25,22.53,2.34E+12
East Kaylahaven,2019-04-09,10.03,8.04E+12
Erikaland,2019-04-13,25.22,4.85E+12
West Christopherberg,2019-01-08,37.78,8.77E+12
Pattyland,2019-02-01,32.03,2.85E+12
Deanville,2019-02-08,21.22,4.79E+12
West Christopherberg,2019-03-21,43.87,5.09E+12
Justinberg,2019-03-23,30.58,3.50E+12
Lake Danielberg,2019-02-24,34.82,2.44E+12
Port Samanthamouth,2019-01-30,38.78,6.12E+12
Lake Danielberg,2019-02-28,44.96,6.32E+12
Deanville,2019-04-15,24.3,1.07E+12
Pattyland,2019-02-15,44.03,1.56E+12
Karenside,2019-01-27,7.65,4.73E+11
Port Angela,2019-04-22,7.91,6.77E+12
West Angela,2019-04-14,32.77,5.00E+12
South Karenland,2019-03-26,35.5,1.48E+12
New Jacobville,2019-02-18,39.97,8.03E+12
Roberthaven,2019-03-14,36.84,4.12E+12
Lake Scottton,2019-04-24,5.31,9.67E+12
Amandaburgh,2019-01-11,29.24,7.28E+12
Reynoldsfurt,2019-05-05,14.95,1.40E+12
West Patrickchester,2019-02-09,16.1,9.11E+12
Christopherfurt,2019-04-13,37.22,3.29E+12
South Evanton,2019-04-27,27.78,9.38E+12
Lake Scottton,2019-02-07,10.76,4.20E+12
Roberthaven,2019-03-14,35.27,4.03E+12
Rodneyfort,2019-03-04,28.69,2.76E+11
West Josephberg,2019-02-17,41.49,2.82E+12
Lake Jonathanshire,2019-03-21,37.95,8.35E+12
Simpsonburgh,2019-02-05,25.58,2.04E+12
West Heidi,2019-03-19,5.65,2.47E+12
North Barbara,2019-03-23,23.76,5.55E+12
North Jasmine,2019-03-11,37.93,4.22E+12
West Gabriel,2019-04-29,36.7,4.10E+12
Liumouth,2019-04-14,31.63,6.17E+12
Carriemouth,2019-03-02,28.04,5.14E+12
West Robert,2019-03-24,34.9,9.47E+12
North Jasmine,2019-05-02,29.86,3.20E+12
Carriemouth,2019-03-21,44.64,9.56E+12
Lake Scottton,2019-02-15,22.75,8.38E+12
North Madeline,2019-04-12,7.77,9.27E+12
Lake Danielberg,2019-01-07,17.39,4.36E+12
North Madeline,2019-04-30,37.48,2.51E+12
Port David,2019-01-07,20.49,5.85E+12
Royland,2019-02-11,30.41,7.20E+12
West Samuelburgh,2019-02-20,19.65,6.62E+12
West Angela,2019-03-18,34.05,5.33E+12
West Patrickchester,2019-03-06,32.37,3.68E+12
Port Frank,2019-02-05,20.1,4.44E+12
New Kimberlyborough,2019-02-09,39.55,6.01E+12
Justinberg,2019-04-20,29.07,2.10E+11
West Angela,2019-04-18,16.18,5.77E+12
Justinberg,2019-03-10,37.89,5.56E+12
Valentineton,2019-01-10,19.91,7.75E+11
Williamsview,2019-04-07,18.92,23948941587
South Jack,2019-01-31,21.75,6.97E+12
Port Frank,2019-02-18,39.06,7.30E+12
Leahton,2019-02-13,16.79,4.74E+12
South Michelleport,2019-02-22,22.52,8.52E+12
South Karenland,2019-04-25,24.86,1.31E+12
Richardfort,2019-02-16,17.92,8.21E+11
Williamsstad,2019-04-16,23.12,9.69E+11
South Michelleport,2019-02-12,27.7,5.58E+12
West Patrickchester,2019-04-13,33.33,1.83E+12
Martinezhaven,2019-04-18,5.81,2.12E+12
North Jason,2019-01-23,21.95,6.70E+12
North Jason,2019-04-18,22.42,4.93E+12
Lake Scottton,2019-05-03,9.01,1.29E+12
West Christopherberg,2019-03-01,11.97,6.42E+12
North Markport,2019-04-10,38.02,8.83E+12
Christopherfurt,2019-04-09,29.96,9.83E+12
North Madeline,2019-01-29,17.57,2.60E+12
Richardfort,2019-02-01,10.26,9.55E+12
South Phillip,2019-01-25,38.15,3.60E+12
East Kaylahaven,2019-02-11,43.19,8.67E+12
Rodneyfort,2019-04-11,36.3,9.05E+12
Pattyland,2019-04-26,19.99,8.83E+12
South Karenland,2019-03-24,41.44,6.05E+11
Port David,2019-03-24,28.84,5.27E+12
Rodneyfort,2019-03-10,29.13,4.63E+12
New Paulton,2019-02-02,17.19,8.50E+12
Williamsstad,2019-03-12,18.67,2.16E+12
South Michelleport,2019-01-29,9.79,5.53E+12
West Christopherberg,2019-03-21,21.41,7.70E+12
Lake Scottton,2019-03-25,36.92,7.04E+12
Port Angela,2019-03-19,17.21,1.69E+12
Christopherfurt,2019-04-17,32.39,6.54E+11
Joneschester,2019-02-27,33.34,2.39E+12
Loganberg,2019-01-25,26.03,9.12E+12
South Phillip,2019-02-19,33.07,8.52E+12
Deanville,2019-01-23,42.45,7.29E+12
New Kimberlyborough,2019-01-30,29.09,8.59E+12
Port Johnbury,2019-04-11,9.1,7.80E+12
West Patrickchester,2019-04-19,44.5,8.64E+12
West Robert,2019-01-11,5.16,1.59E+12
New Paulton,2019-03-28,14.94,3.70E+12
South Latoya,2019-03-19,31.72,3.64E+11
Robertport,2019-02-18,43.47,8.00E+12
Valentineton,2019-01-19,6.71,9.05E+12
South Latoya,2019-01-18,10.98,7.14E+12
Simpsonburgh,2019-01-12,24.83,3.15E+12
West Patrickchester,2019-02-12,22.64,4.55E+12
Richardfort,2019-04-17,23,7.20E+11
Hurleymouth,2019-02-20,17.07,7.02E+12
Leahton,2019-01-27,29.36,2.92E+12
West Anthony,2019-04-29,27.04,4.38E+12
New Kimberlyborough,2019-01-05,39.47,2.81E+12
South Latoya,2019-03-19,40.29,6.60E+11
Williamsstad,2019-04-12,17.57,7.10E+12
South Karenland,2019-02-01,31.64,9.38E+12
North Jason,2019-04-16,24.07,9.73E+12
West Angela,2019-01-27,9.24,2.62E+12
Lake Danielberg,2019-02-08,10.31,2.46E+12
Port Samanthamouth,2019-04-06,24.18,8.48E+12
New Jacobville,2019-02-09,37.51,5.69E+12
New Kimberlyborough,2019-03-10,10.83,1.56E+12
New Kimberlyborough,2019-01-08,13.34,6.27E+11
Karenberg,2019-03-05,44.1,9.23E+12
South Phillip,2019-04-11,21.06,4.83E+12
Loganberg,2019-01-20,38.66,7.24E+12
Carriemouth,2019-05-01,10.97,8.79E+12
West Patrickchester,2019-01-21,19.44,2.09E+12
Martinezhaven,2019-02-07,4.31,9.33E+12
Karenside,2019-01-08,22.64,2.41E+12
North Jason,2019-03-24,32.72,7.96E+12
Lake Danielberg,2019-03-28,28.53,9.81E+12
Pattyland,2019-04-03,14.06,5.40E+12
Pattyland,2019-02-21,7.06,5.81E+12
Loganberg,2019-01-11,44.34,1.38E+12
Leahton,2019-02-28,9.08,8.20E+12
Reynoldsfurt,2019-01-17,24.84,5.00E+12
Raymondhaven,2019-02-22,7.64,7.31E+12
South Latoya,2019-02-12,5.54,8.40E+11
Lake Scottton,2019-01-18,31.92,5.71E+12
Port David,2019-02-24,35.63,3.35E+12
Roberthaven,2019-04-05,31.09,1.02E+12
Rogerston,2019-03-24,39.6,9.20E+12
Karenberg,2019-04-27,44.73,3.80E+12
Martinezhaven,2019-04-14,32.57,9.71E+11
South Evanton,2019-01-20,25.94,3.43E+12
North Jasmine,2019-04-26,35.33,6.86E+12
Hurleymouth,2019-01-12,10.64,8.13E+12
West Robert,2019-03-07,12.22,2.71E+12
Deanville,2019-04-21,33.37,7.76E+12
South Michelleport,2019-01-09,10.68,3.24E+12
Royland,2019-02-02,42.52,7.84E+12
Rodneyfort,2019-04-10,25.4,9.06E+12
North Madeline,2019-01-12,20.82,8.11E+12
Lake Danielberg,2019-04-28,39.82,7.89E+12
Port Johnbury,2019-05-02,42.42,3.25E+12
Richardfort,2019-04-21,9.54,3.70E+12
Liumouth,2019-03-22,33.1,3.68E+12
Roberthaven,2019-01-21,23.14,4.94E+12
Amandaburgh,2019-01-21,9.26,5.53E+12
South Evanton,2019-04-25,26.84,1.54E+12
Port Samanthamouth,2019-03-25,34.94,8.22E+11
South Michelleport,2019-03-13,10.44,5.68E+12
North Madeline,2019-01-14,31.88,8.71E+12
Hurleymouth,2019-03-17,29.95,5.23E+12
Port David,2019-04-10,26.68,5.36E+12
Pattyland,2019-02-10,24.39,7.26E+12
Liumouth,2019-03-17,19.05,9.12E+12
Robertport,2019-04-03,15.14,6.67E+12
Hurleymouth,2019-04-01,9.94,4.06E+12
West Samuelburgh,2019-04-17,15.03,4.02E+12
South Phillip,2019-03-18,17.57,8.43E+12
West Josephberg,2019-01-29,7.58,6.14E+12
Roberthaven,2019-02-16,14.95,6.65E+12
West Christopherberg,2019-03-27,21.55,2.20E+12
Christopherfurt,2019-03-30,31.3,7.46E+12
Hurleymouth,2019-02-01,22.39,6.07E+12
Port Frank,2019-03-16,30.24,1.45E+12
Lake Danielberg,2019-01-16,20.07,8.45E+12
West Ericstad,2019-03-28,22.28,3.14E+12
Karenside,2019-03-11,44.29,3.27E+12
South Evanton,2019-03-17,36.31,2.78E+12
West Heidi,2019-05-05,37.75,3.65E+12
Robertport,2019-02-28,13.39,6.81E+11
South Jack,2019-01-05,13.14,6.81E+12
West Josephberg,2019-02-28,11.1,3.53E+12
Port Frank,2019-03-26,28.83,8.90E+11
Barajasview,2019-02-19,26.83,9.37E+11
Justinberg,2019-01-03,5.81,9.26E+12
North Barbara,2019-04-17,39.18,3.50E+12
West Angela,2019-03-08,4.92,5.45E+12
South Latoya,2019-03-19,30.03,9.56E+12
Hurleymouth,2019-01-18,4.66,8.62E+12
Johnton,2019-04-05,22.87,1.03E+12
Carriemouth,2019-03-27,38.69,4.41E+12
Reynoldsfurt,2019-04-19,13.63,7.99E+12
Christopherfurt,2019-03-16,19.61,2.29E+12
Liumouth,2019-04-28,5.42,8.03E+12
New Kimberlyborough,2019-03-19,15.78,6.41E+12
Martinezhaven,2019-03-07,23.55,7.39E+12
East Kaylahaven,2019-04-06,35.79,8.93E+12
Simpsonburgh,2019-04-26,33.71,2.60E+12
Lake Jonathanshire,2019-01-28,5.67,9.76E+12
Robertport,2019-04-19,39.57,3.97E+12
South Karenland,2019-03-20,33.24,3.10E+12
Raymondhaven,2019-03-07,17.66,9.26E+12
Port David,2019-02-18,20.16,1.85E+12
Royland,2019-02-20,38.28,3.62E+12
East Kaylahaven,2019-01-29,41.62,7.16E+12
Valentineton,2019-02-23,19.99,9.66E+12
Martinezhaven,2019-03-12,21.18,4.05E+12
South Phillip,2019-02-19,28.62,4.41E+12
Royland,2019-05-04,15.14,4.99E+12
West Heidi,2019-02-05,24.32,4.26E+11
East Kaylahaven,2019-02-28,33.72,1.22E+12
New Kimberlyborough,2019-04-03,14.73,9.08E+12
South Karenland,2019-01-10,37.58,7.17E+12
Richardfort,2019-02-03,29.04,4.98E+12
Justinberg,2019-03-10,22.43,5.55E+12
Huntermouth,2019-03-21,32.42,3.39E+12
Roberthaven,2019-03-22,34.69,1.77E+12
West Heidi,2019-03-11,43.45,4.65E+12
Raymondhaven,2019-02-17,39.7,3.25E+12
Karenside,2019-04-16,39.32,3.16E+12
Rogerston,2019-03-16,43.82,4.72E+12
Port Johnbury,2019-04-28,36.42,2.74E+11
West Josephberg,2019-01-18,43.85,9.65E+12
North Jasmine,2019-02-05,19.21,6.79E+12
Loganberg,2019-04-10,35.97,8.83E+12
Barajasview,2019-04-15,17.76,8.10E+12
New Paulton,2019-04-17,44.43,3.38E+11
West Angela,2019-01-19,40.4,7.41E+11
North Jasmine,2019-02-18,31.49,9.76E+12
North Barbara,2019-02-11,43.26,8.97E+12
Rogerston,2019-03-02,25.14,1.72E+12
Williamsstad,2019-02-21,4.9,7.18E+12
South Jack,2019-01-14,40.65,5.44E+12
West Anthony,2019-04-15,43.82,4.38E+12
Royland,2019-02-12,44.33,5.32E+12
West Angela,2019-04-03,23.52,4.84E+12
Liumouth,2019-02-22,6.39,8.12E+12
Amandaburgh,2019-04-19,6.27,4.40E+12
West Ericstad,2019-01-23,10.12,8.04E+12
South Jack,2019-01-15,5.58,1.79E+12
Barajasview,2019-05-02,17.12,4.63E+12
Amandaburgh,2019-03-20,27.45,3.70E+12
East Kaylahaven,2019-03-17,8.62,1.95E+12
Port Samanthamouth,2019-01-27,28.46,8.83E+11
New Paulville,2019-01-25,15.04,7.53E+12
West Anthony,2019-04-03,10.56,3.76E+12
Raymondhaven,2019-01-06,21.19,9.47E+12
Rogerston,2019-01-03,36.28,7.09E+12
Port David,2019-04-02,41.14,2.69E+12
North Markport,2019-02-08,34.69,2.74E+12
West Angela,2019-03-04,20.72,1.78E+12
South Michelleport,2019-04-21,21.98,5.89E+12
Port Frank,2019-02-10,40.82,6.39E+12
Rogerston,2019-02-14,19.42,8.77E+12
Joneschester,2019-04-02,10.52,4.97E+12
South Karenland,2019-03-17,23.26,5.57E+11
West Angela,2019-05-05,23.66,9.19E+12
Royland,2019-02-10,11.24,4.95E+12
Christopherfurt,2019-01-30,6.32,4.29E+12
Barajasview,2019-04-09,39.36,1.80E+12
Christopherfurt,2019-02-08,25.76,9.52E+11
Leahton,2019-01-13,9.37,4.67E+12
Port Angela,2019-04-15,20.16,6.49E+12
Loganberg,2019-01-13,41.86,7.05E+12
West Heidi,2019-02-24,40.8,4.27E+12
Robertport,2019-02-24,8.48,2.89E+12
Karenside,2019-03-14,16.31,8.82E+12
West Christopherberg,2019-03-20,42.83,6.90E+12
West Gabriel,2019-01-15,13.38,7.56E+12
Simpsonburgh,2019-04-01,25.65,2.87E+12
West Robert,2019-05-04,5.36,9.80E+12
Loganberg,2019-02-17,44.47,3.54E+12
West Anthony,2019-04-20,11.85,4.27E+12
Jerryton,2019-05-01,4.97,8.10E+12
North Jasmine,2019-03-04,42.58,8.86E+12
North Madeline,2019-01-26,5.59,3.68E+12
Royland,2019-03-25,7.09,5.66E+12
New Paulton,2019-01-21,18.3,3.72E+12
Richardfort,2019-02-08,16.55,2.27E+12
Barajasview,2019-02-03,39.39,9.44E+12
Pattyland,2019-04-18,28.66,2.34E+12
West Christopherberg,2019-02-17,4.4,4.35E+12
Grahamburgh,2019-02-25,14.51,6.16E+12
New Kimberlyborough,2019-04-11,12.01,1.36E+11
North Madeline,2019-05-02,11.94,7.53E+12
Simpsonburgh,2019-04-12,22.45,7.81E+12
Martinezhaven,2019-02-16,15.33,9.81E+12
West Heidi,2019-03-30,11.15,2.26E+12
Christopherfurt,2019-04-12,22.91,5.93E+12
Karenside,2019-04-28,39.41,4.71E+12
Rogerston,2019-04-01,28.54,9.96E+12
West Samuelburgh,2019-02-19,17.77,7.61E+12
Joneschester,2019-03-17,15.35,2.31E+12
West Heidi,2019-02-27,35.19,7.00E+12
West Heidi,2019-03-02,23.55,6.48E+12
Roberthaven,2019-03-30,16.2,2.95E+12
Karenberg,2019-04-07,16.11,4.81E+12
Port Angela,2019-03-08,23.06,2.75E+12
Hurleymouth,2019-02-07,36.7,1.75E+11
Simpsonburgh,2019-03-31,24.16,9.71E+12
South Jack,2019-03-14,18.66,3.51E+12
New Jacobville,2019-03-10,10.63,6.50E+11
Williamsstad,2019-04-16,32.43,7.18E+12
Port Johnbury,2019-03-27,38.99,4.12E+12
North Jasmine,2019-02-17,35.11,6.62E+12
South Jack,2019-01-03,4.95,9.01E+12
Pattyland,2019-04-23,13.01,9.35E+12
Raymondhaven,2019-02-16,24.31,8.96E+12
Joneschester,2019-04-24,9.78,9.67E+11
North Jason,2019-02-19,15.87,7.79E+12
Williamsstad,2019-02-22,20.56,5.81E+12
West Christopherberg,2019-02-19,40.98,7.52E+11
South Karenland,2019-03-19,23.07,5.76E+12
Rodneyfort,2019-03-07,7.78,2.86E+12
Lake Scottton,2019-02-05,24.54,3.77E+12
Royland,2019-01-26,14.68,1.75E+12
Martinezhaven,2019-01-21,42.75,9.06E+12
West Patrickchester,2019-03-17,17.38,3.07E+12
Raymondhaven,2019-03-31,36.29,8.96E+12
West Robert,2019-03-06,22.86,2.32E+12
South Evanton,2019-02-25,15.06,8.87E+12
West Christopherberg,2019-03-07,32.27,2.18E+12
West Josephberg,2019-04-19,42.53,6.11E+12
Liumouth,2019-03-06,23.53,2.43E+12
West Christopherberg,2019-02-10,8.42,8.36E+11
Hurleymouth,2019-02-23,18.15,6.05E+12
Port Angela,2019-02-26,28.52,6.78E+12
West Samuelburgh,2019-01-31,14.11,6.04E+12
North Barbara,2019-04-06,26.64,9.29E+11
Rodneyfort,2019-04-29,44.28,6.98E+12
North Jason,2019-04-05,31.89,9.99E+12
Port David,2019-02-11,10.05,6.92E+12
Raymondhaven,2019-01-27,41.76,7.33E+12
Barajasview,2019-03-12,37.05,1.83E+12
Liumouth,2019-01-17,33.29,3.42E+12
North Barbara,2019-03-24,4.05,5.34E+12
Valentineton,2019-04-03,18.62,5.55E+11
West Samuelburgh,2019-04-17,10.58,2.07E+12
Carriemouth,2019-01-15,24.13,7.42E+12
Carriemouth,2019-05-08,21.99,1.18E+11
Erikaland,2019-02-21,12.44,2.71E+12
Grahamburgh,2019-01-18,23.35,8.08E+12
East Kaylahaven,2019-01-29,9.81,2.06E+12
Carriemouth,2019-02-04,24.87,6.02E+12
Justinberg,2019-04-14,24.34,1.49E+12
Pattyland,2019-01-01,42.11,9.61E+12
Royland,2019-04-09,22.89,5.16E+12
Huntermouth,2019-03-14,30.49,9.54E+12
Huntermouth,2019-01-17,41.48,7.80E+12
Huntermouth,2019-02-03,31.43,4.78E+12
South Evanton,2019-02-21,34.21,5.09E+12
West Robert,2019-04-12,32.48,7.54E+12
Raymondhaven,2019-03-02,5.19,4.18E+12
Port Frank,2019-04-02,13.55,4.85E+12
West Heidi,2019-03-18,4.29,4.32E+12
Amandaburgh,2019-04-01,24.29,2.00E+12
Liumouth,2019-02-27,43.31,1.51E+12
Barajasview,2019-03-15,28.3,1.31E+12
New Kimberlyborough,2019-03-19,27.37,5.33E+11
West Samuelburgh,2019-01-06,43.05,9.81E+12
Lake Scottton,2019-01-28,23.95,9.48E+12
North Jason,2019-01-14,26.58,8.64E+12
East Kaylahaven,2019-03-23,4.64,1.91E+12
Johnton,2019-03-15,43.5,7.13E+12
Roberthaven,2019-02-22,27.48,9.42E+12
Robertport,2019-01-25,44.75,6.71E+12
Joneschester,2019-02-16,9.48,4.16E+12
Johnton,2019-05-02,32.38,8.95E+12
West Anthony,2019-02-19,27.9,4.27E+12
Martinezhaven,2019-03-11,7.01,7.64E+12
Port Johnbury,2019-03-30,15.17,4.90E+12
Williamsview,2019-04-07,19.19,8.05E+12
West Robert,2019-02-23,33.24,3.06E+12
Barajasview,2019-03-19,26.6,5.62E+12
Williamsstad,2019-05-06,40.79,8.72E+12
Justinberg,2019-01-22,38.3,1.29E+12
Justinberg,2019-04-16,16.58,1.48E+12
Carriemouth,2019-02-17,22.66,3.72E+12
South Evanton,2019-04-10,30.36,5.25E+12
Simpsonburgh,2019-02-14,30,7.64E+12
New Kimberlyborough,2019-01-07,15.22,7.02E+12
Richardfort,2019-04-03,40.77,9.50E+12
Williamsview,2019-01-05,21.59,6.18E+12
Carriemouth,2019-01-04,31.99,4.87E+12
West Christopherberg,2019-04-06,25.31,3.28E+12
New Jacobville,2019-04-10,42.92,4.02E+12
Karenberg,2019-04-23,26.92,9.69E+12
Johnton,2019-02-28,12.02,6.67E+12
Amandaburgh,2019-04-20,16.27,3.51E+12
Port Frank,2019-04-25,19.43,7.79E+12
Martinezhaven,2019-02-03,11.61,3.42E+12
Joneschester,2019-03-09,39.32,1.55E+12
West Robert,2019-04-07,40.69,5.03E+11
West Heidi,2019-02-06,40.55,6.26E+12
Lake Jonathanshire,2019-01-24,34.65,3.32E+12
Johnton,2019-01-22,24.17,7.41E+12
South Karenland,2019-01-31,36.28,9.22E+12
Liumouth,2019-01-05,27.02,3.77E+12
Port Angela,2019-02-08,15.58,7.39E+12
Johnton,2019-02-26,18.76,6.36E+12
Pattyland,2019-02-05,28.81,1.15E+11
Deanville,2019-04-26,28.44,3.33E+12
West Anthony,2019-03-03,20.71,7.55E+12
South Phillip,2019-02-28,42.2,9.81E+12
North Jason,2019-01-05,16.22,3.84E+12
Loganberg,2019-01-31,13.69,4.07E+12
Port Frank,2019-01-27,38.97,5.94E+12
South Evanton,2019-03-06,44.41,2.76E+12
West Angela,2019-01-22,32.18,4.24E+12
Rodneyfort,2019-04-12,27.81,5.67E+12
Carriemouth,2019-04-28,37.35,4.81E+12
Hurleymouth,2019-02-28,44.85,5.10E+12
Lake Danielberg,2019-03-20,33.9,25082058503
Lake Jonathanshire,2019-03-24,14.94,1.67E+12
Williamsview,2019-05-04,32.8,2.68E+12
West Josephberg,2019-02-19,4.07,1.35E+12
Christopherfurt,2019-04-06,27.46,7.40E+12
South Phillip,2019-02-01,39.27,5.31E+12
New Paulville,2019-02-18,38.97,1.73E+12
Grahamburgh,2019-03-24,32.17,2.40E+12
Port Johnbury,2019-02-08,7.63,3.50E+12
Port David,2019-03-04,23.7,6.49E+12
West Ericstad,2019-04-13,22.39,5.77E+12
Karenside,2019-05-03,32.68,9.19E+12
Valentineton,2019-02-25,10.21,4.60E+12
Martinezhaven,2019-03-21,39.26,9.87E+12
Huntermouth,2019-03-21,27.96,3.03E+12
Rogerston,2019-03-18,8.58,4.18E+12
West Angela,2019-03-07,14.8,5.02E+12
Rodneyfort,2019-03-15,30.83,4.18E+12
North Jasmine,2019-04-24,28.24,8.27E+12
Raymondhaven,2019-01-25,14.65,3.91E+12
Richardfort,2019-02-19,27.11,8.69E+12
West Josephberg,2019-03-16,10.04,6.78E+12
Erikaland,2019-05-07,22.72,5.59E+12
Royland,2019-01-15,4.1,9.41E+12
Roberthaven,2019-03-27,11.51,9.19E+12
Justinberg,2019-04-16,27.1,1.85E+12
East Kaylahaven,2019-01-04,24.37,5.74E+12
North Jason,2019-02-22,18.67,1.90E+11
Karenside,2019-02-12,25.58,6.57E+12
Raymondhaven,2019-02-28,11.26,3.12E+12
Amandaburgh,2019-03-13,13.88,6.22E+12
Amandaburgh,2019-04-22,42.52,1.90E+12
New Jacobville,2019-04-27,37.6,8.78E+12
West Ericstad,2019-04-19,5.75,3.50E+12
Christopherfurt,2019-01-04,15.47,1.47E+12
Port David,2019-03-27,18.43,4.64E+12
Martinezhaven,2019-02-15,15.93,9.62E+12
West Robert,2019-02-27,22.81,5.71E+12
South Michelleport,2019-03-08,27.42,3.75E+12
Robertport,2019-05-03,31.62,4.85E+12
West Anthony,2019-02-04,20.09,4.22E+12
West Angela,2019-03-20,23.83,8.75E+12
South Michelleport,2019-05-07,4.47,2.89E+11
New Paulville,2019-05-01,10.3,1.06E+12
Justinberg,2019-02-19,36.27,7.29E+12
Leahton,2019-01-08,39.81,4.58E+11
Justinberg,2019-02-01,31.07,2.74E+12
South Latoya,2019-02-12,28.92,5.78E+12
Williamsview,2019-02-08,25.3,2.32E+12
Joneschester,2019-01-15,13.43,2.24E+12
Williamsstad,2019-01-06,43.5,2.05E+12
South Karenland,2019-01-25,31.02,5.00E+11
Carriemouth,2019-04-01,27.84,6.59E+12
Valentineton,2019-01-01,12.31,4.76E+12
Christopherfurt,2019-03-12,35.57,8.29E+12
Huntermouth,2019-02-05,28.58,3.14E+11
Deanville,2019-02-17,25.33,2.75E+12
North Barbara,2019-05-05,26.54,4.33E+12
West Angela,2019-01-25,41.05,4.60E+12
Martinezhaven,2019-04-15,35.45,4.82E+12
West Anthony,2019-01-12,37.66,4.10E+11
West Samuelburgh,2019-04-25,26.44,4.34E+12
West Josephberg,2019-04-29,28.73,1.73E+12
Liumouth,2019-04-11,15.55,6.83E+12
Karenside,2019-04-04,42.27,6.77E+12
Loganberg,2019-04-04,25.93,1.86E+11
Johnton,2019-01-21,28.59,5.60E+12
Carriemouth,2019-03-08,34.32,7.98E+12
South Latoya,2019-01-02,43.72,3.90E+11
South Phillip,2019-03-25,7.04,7.93E+12
Lake Danielberg,2019-03-21,14.12,8.57E+12
Jerryton,2019-01-27,5.21,2.37E+12
Simpsonburgh,2019-04-28,10.07,2.99E+12
Amandaburgh,2019-02-06,11.93,7.55E+12
Karenberg,2019-02-14,11.06,4.34E+12
Jerryton,2019-01-16,22.26,9.74E+11
East Kaylahaven,2019-03-27,25.29,4.84E+12
Pattyland,2019-02-11,33.21,1.33E+12
South Michelleport,2019-02-06,25.58,6.81E+12
Martinezhaven,2019-02-23,15.48,5.95E+12
Loganberg,2019-01-05,5.92,5.33E+12
New Paulville,2019-04-13,8.69,5.92E+11
South Evanton,2019-01-10,37.03,4.82E+12
Port Angela,2019-02-06,24.47,1.47E+12
West Gabriel,2019-04-21,4.96,2.69E+12
New Kimberlyborough,2019-03-28,10.91,9.35E+11
West Anthony,2019-04-16,17.47,5.71E+12
West Gabriel,2019-01-16,25.97,6.59E+12
Karenside,2019-01-24,9.39,4.83E+12
Liumouth,2019-01-01,37.91,5.67E+12
Grahamburgh,2019-04-20,40.06,5.16E+12
Christopherfurt,2019-05-07,6.39,7.61E+12
West Gabriel,2019-05-01,27.45,2.83E+12
West Heidi,2019-01-17,5.78,9.11E+12
West Angela,2019-01-04,20.33,1.92E+12
Christopherfurt,2019-03-25,7.19,6.89E+12
Robertport,2019-03-25,35.29,7.88E+12
Royland,2019-01-16,4.89,8.05E+12
Huntermouth,2019-03-19,15.05,1.68E+12
North Madeline,2019-04-07,11.92,7.37E+11
East Kaylahaven,2019-01-07,5.56,4.66E+12
Loganberg,2019-04-18,22.51,3.21E+12
North Jason,2019-01-23,6.54,5.61E+12
South Latoya,2019-01-31,14.82,6.96E+12
Karenberg,2019-03-09,35.68,8.63E+12
West Anthony,2019-05-01,23.76,2.93E+12
Williamsstad,2019-03-25,42.93,2.21E+12
Port Angela,2019-02-06,11.39,6.11E+12
Karenside,2019-02-24,27.64,8.06E+12
East Kaylahaven,2019-03-21,9.42,1.47E+12
South Michelleport,2019-03-23,14.72,4.91E+11
Pattyland,2019-01-14,40.21,5.83E+12
Port Samanthamouth,2019-02-28,38.42,2.11E+12
Reynoldsfurt,2019-04-11,42.97,1.39E+12
Pattyland,2019-03-27,8.57,3.07E+12
North Jasmine,2019-04-24,14.11,4.19E+12
North Madeline,2019-03-31,21.24,6.54E+11
West Anthony,2019-02-11,15.55,5.99E+12
Lake Danielberg,2019-01-28,25.98,1.42E+12
Royland,2019-02-19,13.02,1.86E+11
Reynoldsfurt,2019-03-08,6.08,2.57E+12
Roberthaven,2019-02-09,11.71,8.18E+12
South Evanton,2019-02-25,15.94,2.73E+12
Grahamburgh,2019-03-04,34.93,5.94E+12
West Ericstad,2019-03-29,40.29,8.10E+11
Port Frank,2019-02-17,32.44,5.39E+12
Lake Danielberg,2019-02-08,22.74,9.52E+12
Erikaland,2019-03-24,4.07,6.56E+12
Port David,2019-02-11,38,7.77E+12
North Barbara,2019-04-27,16.89,5.10E+12
Simpsonburgh,2019-02-27,13.38,1.58E+12
North Jason,2019-01-23,32.77,2.99E+12
Simpsonburgh,2019-01-06,27.2,3.68E+12
South Phillip,2019-04-18,35.7,4.75E+12
South Karenland,2019-03-16,4.87,2.39E+12
New Paulville,2019-03-14,20.26,8.81E+12
Johnton,2019-02-14,43.93,5.44E+12
Port Johnbury,2019-02-27,11.33,3.23E+12
Joneschester,2019-03-12,21.17,1.58E+12
West Samuelburgh,2019-02-12,6.76,8.53E+12
Huntermouth,2019-04-28,31.43,6.66E+12
Deanville,2019-04-01,22.65,7.00E+12
Leahton,2019-02-15,25.84,9.24E+12
Hurleymouth,2019-04-13,40.93,4.92E+12
West Anthony,2019-03-21,15.64,4.75E+12
Karenside,2019-01-23,37.62,1.95E+12
West Gabriel,2019-02-28,31.82,4.15E+12
Carriemouth,2019-03-26,26.91,7.85E+12
South Michelleport,2019-03-01,24.55,9.79E+12
Rodneyfort,2019-05-05,22.24,5.39E+12
Deanville,2019-03-07,31.08,9.71E+12
Reynoldsfurt,2019-05-04,8.81,3.24E+12
Justinberg,2019-04-27,18.99,3.03E+12
Huntermouth,2019-03-02,10.89,1.65E+12
West Robert,2019-02-27,8.37,4.90E+11
Port Angela,2019-02-14,42.04,8.97E+11
South Karenland,2019-01-09,44.44,3.18E+12
Port David,2019-03-24,25.65,2.08E+12
Liumouth,2019-01-04,9.1,8.15E+12
Simpsonburgh,2019-01-18,15.36,5.20E+12
South Evanton,2019-04-14,19.53,8.35E+12
West Heidi,2019-04-06,25.06,8.92E+12
Port Frank,2019-01-14,43.27,4.91E+11
East Kaylahaven,2019-02-23,15.94,1.60E+12
North Madeline,2019-01-28,42.24,5.83E+11
Liumouth,2019-04-14,38.95,14588103145
North Madeline,2019-03-06,26.34,1.88E+12
Williamsview,2019-04-15,44.74,2.76E+12
North Barbara,2019-03-16,25.06,9.75E+12
South Evanton,2019-02-07,7.69,9.01E+12
Williamsstad,2019-04-26,18.92,1.61E+12
Rodneyfort,2019-01-12,7.05,4.24E+12
Karenside,2019-04-19,26.45,9.29E+12
New Paulton,2019-01-13,29.9,4.09E+12
West Robert,2019-01-17,12.71,8.50E+12
Jerryton,2019-02-14,24.49,3.08E+12
Karenberg,2019-01-16,41.26,3.36E+12
Christopherfurt,2019-05-03,14.43,5.64E+12
Grahamburgh,2019-03-27,4.63,7.32E+12
New Kimberlyborough,2019-03-02,6.08,3.87E+12
North Madeline,2019-03-04,6.19,5.47E+11
North Jason,2019-03-12,5.76,5.11E+12
Liumouth,2019-03-16,34.2,2.54E+12
New Jacobville,2019-04-21,13.53,5.57E+12
Justinberg,2019-04-24,28.76,6.49E+12
West Anthony,2019-03-13,5.03,1.18E+12
Raymondhaven,2019-01-13,17.33,2.83E+12
Royland,2019-03-22,23.31,2.83E+12
Rogerston,2019-01-30,8.87,5.69E+12
West Anthony,2019-05-03,21.38,9.17E+12
Port Frank,2019-04-06,21.02,9.71E+12
Lake Jonathanshire,2019-04-11,12.81,6.00E+12
South Phillip,2019-01-17,23.46,2.63E+12
South Karenland,2019-03-03,22.44,7.46E+12
Port Samanthamouth,2019-04-18,23.56,8.73E+12
Huntermouth,2019-01-10,43.01,7.58E+12
Joneschester,2019-04-22,9.7,8.59E+12
West Anthony,2019-04-22,19.95,1.21E+12
North Jasmine,2019-04-11,27.54,5.00E+12
Reynoldsfurt,2019-03-10,4.1,5.69E+12
North Markport,2019-02-22,16.46,2.80E+12
Huntermouth,2019-01-09,15.31,1.53E+12
Rogerston,2019-03-19,29.88,3.98E+12
Deanville,2019-03-05,11.16,4.74E+12
Rodneyfort,2019-01-11,23.21,3.43E+12
Reynoldsfurt,2019-03-29,31.43,9.92E+12
West Josephberg,2019-01-14,9.71,4.73E+12
Huntermouth,2019-03-20,40.55,6.75E+12
Amandaburgh,2019-04-24,14.55,7.84E+12
Port Frank,2019-03-05,36.35,9.21E+12
Martinezhaven,2019-01-10,23.62,5.47E+12
East Kaylahaven,2019-02-10,6.69,6.07E+12
Joneschester,2019-03-10,22.72,8.71E+12
West Angela,2019-05-01,23.23,7.77E+12
New Paulton,2019-04-24,32.22,2.99E+12
Roberthaven,2019-03-05,5.43,6.05E+11
Port Frank,2019-03-09,6.5,2.11E+12
Port Frank,2019-04-04,39.39,7.97E+12
Hurleymouth,2019-03-07,41.96,1.68E+12
Leahton,2019-03-06,41.29,3.31E+12
Johnton,2019-02-07,30.97,6.85E+12
Lake Scottton,2019-05-03,25.68,7.71E+11
Simpsonburgh,2019-01-31,39.23,3.70E+12
West Angela,2019-02-21,29.99,4.37E+12
Williamsview,2019-04-16,20.38,8.23E+12
West Josephberg,2019-04-12,15.49,5.12E+12
West Josephberg,2019-02-15,36.7,8.33E+12
South Karenland,2019-02-19,39.59,9.83E+12
Barajasview,2019-01-02,36.13,8.57E+12
East Kaylahaven,2019-01-21,36.89,2.41E+12
Loganberg,2019-01-12,36.82,1.08E+12
Richardfort,2019-04-22,39.74,4.08E+12
Richardfort,2019-01-31,43.92,4.07E+12
South Michelleport,2019-04-01,28.84,8.85E+12
Barajasview,2019-01-14,19.81,2.38E+12
West Heidi,2019-04-18,32.74,1.75E+12
Leahton,2019-03-31,4.65,2.20E+12
Port Johnbury,2019-01-07,19.08,8.84E+12
Justinberg,2019-05-07,18.74,6.40E+12
North Barbara,2019-04-10,10.94,3.56E+11
Barajasview,2019-05-06,17.63,9.23E+12
Reynoldsfurt,2019-04-12,21.18,7.47E+12
West Christopherberg,2019-02-09,33.97,4.25E+12
Leahton,2019-02-23,7.08,3.74E+12
Simpsonburgh,2019-03-04,23.33,1.00E+12
Port Frank,2019-04-05,14.21,8.37E+12
West Heidi,2019-04-17,8.91,7.62E+12
Robertport,2019-04-24,19.73,7.44E+12
Loganberg,2019-05-05,30.47,7.77E+12
West Josephberg,2019-03-23,33.12,2.34E+12
West Anthony,2019-04-03,31.6,4.97E+12
South Michelleport,2019-04-22,9.72,2.09E+12
Amandaburgh,2019-04-05,25.55,8.58E+12
Justinberg,2019-04-01,40.87,8.96E+12
Joneschester,2019-03-10,27.91,1.27E+12
Lake Scottton,2019-01-11,31.31,9.31E+12
Rodneyfort,2019-03-24,31.41,8.27E+11
Pattyland,2019-04-25,44.39,1.72E+12
Jerryton,2019-02-28,36.87,3.09E+12
Lake Scottton,2019-04-11,22.03,2.03E+12
Grahamburgh,2019-04-29,13.59,3.20E+12
South Latoya,2019-03-29,5.93,2.62E+12
Liumouth,2019-03-27,44.27,9.82E+11
Hurleymouth,2019-03-02,34.65,9.38E+12
West Angela,2019-02-15,44.12,1.96E+12
Reynoldsfurt,2019-03-14,35.65,9.91E+12
Port Johnbury,2019-03-29,14.54,3.76E+12
North Jason,2019-02-15,17.35,6.04E+12
North Madeline,2019-04-15,37.6,3.90E+12
Simpsonburgh,2019-02-15,4.63,60590634054
Hurleymouth,2019-02-13,25.72,8.76E+12
West Robert,2019-03-07,4.28,2.03E+12
North Jasmine,2019-04-01,28.04,5.01E+12
North Jason,2019-04-05,32.18,3.37E+12
South Jack,2019-02-01,26.72,5.06E+12
West Heidi,2019-02-09,39.76,5.52E+12
West Anthony,2019-04-06,14.3,7.57E+12
West Ericstad,2019-03-21,18.24,4.60E+12
West Samuelburgh,2019-02-27,32.73,5.62E+12
New Jacobville,2019-04-09,4.95,4.49E+12
Carriemouth,2019-02-21,23.48,4.76E+12
Christopherfurt,2019-03-18,7.45,4.45E+12
South Phillip,2019-01-16,7.08,8.46E+12
Grahamburgh,2019-01-28,44.91,2.59E+11
Christopherfurt,2019-03-25,23.38,5.00E+11
Robertport,2019-04-27,41.48,6.46E+12
Justinberg,2019-04-26,7.68,1.07E+12
Port Frank,2019-04-05,36.08,3.46E+11
New Jacobville,2019-04-13,43.98,9.45E+12
North Jasmine,2019-02-01,8.09,4.16E+11
Valentineton,2019-03-18,36.04,8.73E+12
Huntermouth,2019-01-06,28.74,6.54E+11
South Jack,2019-03-08,17.17,8.79E+12
New Paulton,2019-03-15,4.6,9.74E+12
Williamsstad,2019-04-21,26.99,8.56E+12
Jerryton,2019-01-06,27.71,9.04E+12
Deanville,2019-01-04,4.56,6.42E+12
South Evanton,2019-03-22,6.58,8.38E+12
New Kimberlyborough,2019-04-29,9.08,3.17E+12
Hurleymouth,2019-03-24,8.77,8.27E+12
North Barbara,2019-04-01,31.72,9.79E+12
West Angela,2019-02-22,19.44,3.79E+12
Karenside,2019-03-15,31.89,5.44E+12
South Phillip,2019-05-01,38.46,3.44E+12
South Karenland,2019-05-08,19.77,7.84E+12
Royland,2019-02-21,5.95,8.42E+12
South Phillip,2019-01-20,24,7.34E+12
South Phillip,2019-05-02,24.23,1.23E+11
West Gabriel,2019-03-09,14.41,8.74E+12
South Karenland,2019-01-14,24.71,8.61E+12
Robertport,2019-04-27,11.42,9.23E+12
Roberthaven,2019-02-12,37,4.70E+12
West Christopherberg,2019-01-11,44.76,2.74E+12
Robertport,2019-03-21,8.2,3.40E+12
West Anthony,2019-02-07,33.51,4.16E+12
New Kimberlyborough,2019-02-09,6.43,6.45E+12
Loganberg,2019-02-02,7.12,1.27E+12
West Samuelburgh,2019-01-11,25.07,1.51E+11
New Kimberlyborough,2019-04-24,28.87,7.94E+12
Roberthaven,2019-04-25,22.75,7.37E+12
Barajasview,2019-04-03,44.15,9.60E+12
Royland,2019-02-22,10.19,8.90E+12
Rogerston,2019-03-14,10.29,7.43E+12
Christopherfurt,2019-02-12,11.7,8.49E+12
West Gabriel,2019-02-20,8.44,6.91E+12
South Karenland,2019-04-18,8.56,7.56E+12
Williamsview,2019-04-26,20.89,2.57E+12
Deanville,2019-03-05,42.79,3.62E+12
West Samuelburgh,2019-01-16,14.93,5.02E+11
North Barbara,2019-02-14,4.11,7.68E+12
Christopherfurt,2019-03-10,22.65,5.00E+12
Jerryton,2019-02-01,37.7,9.58E+12
South Latoya,2019-02-09,12.17,9.01E+12
South Latoya,2019-03-04,5.04,9.88E+12
West Gabriel,2019-03-17,15.95,9.30E+12
Lake Jonathanshire,2019-01-23,21.11,7.71E+12
North Jasmine,2019-02-10,31.38,4.75E+12
Raymondhaven,2019-04-15,6.74,6.81E+12
Port Johnbury,2019-03-25,41.61,8.06E+12
North Barbara,2019-01-17,18.27,3.78E+11
New Kimberlyborough,2019-01-27,23.09,5.58E+12
Carriemouth,2019-02-26,19.05,1.95E+12
West Samuelburgh,2019-02-05,31.94,6.73E+12
Martinezhaven,2019-02-17,34.27,2.34E+11
North Barbara,2019-04-30,28.89,3.28E+12
Valentineton,2019-02-08,36.23,6.67E+12
West Robert,2019-02-09,26.1,18586563147
Roberthaven,2019-04-07,13.4,4.90E+12
West Gabriel,2019-04-20,23.69,4.91E+12
Karenberg,2019-02-18,44.08,7.22E+12
Rogerston,2019-03-08,17.81,8.56E+12
West Angela,2019-01-12,20.46,5.24E+12
New Kimberlyborough,2019-04-01,10.76,9.13E+12
Justinberg,2019-02-20,31.31,9.20E+12
South Michelleport,2019-01-02,37.34,7.66E+12
South Evanton,2019-01-11,39.99,9.39E+12
Johnton,2019-04-11,33.12,7.23E+12
Grahamburgh,2019-04-03,5.09,8.56E+12
Rogerston,2019-02-16,20.64,8.15E+12
South Karenland,2019-04-21,7.44,3.55E+12
North Barbara,2019-03-08,29.15,96327208793
Jerryton,2019-03-20,15.37,9.32E+11
West Christopherberg,2019-04-25,35.39,7.48E+12
South Jack,2019-02-13,32.64,8.81E+11
Port Samanthamouth,2019-01-28,15.49,3.27E+12
New Paulton,2019-03-29,43.79,7.07E+12
Carriemouth,2019-04-18,37.63,7.74E+12
North Jasmine,2019-02-27,35.31,9.25E+12
Rogerston,2019-01-16,31.34,1.32E+11
Port David,2019-02-03,21.2,5.71E+11
Williamsview,2019-04-11,33.68,2.74E+12
South Evanton,2019-04-26,42.99,4.02E+12
South Evanton,2019-03-25,23.48,4.60E+12
Port David,2019-04-07,39.51,5.96E+12
West Christopherberg,2019-02-08,14.22,3.73E+12
New Paulton,2019-03-19,40.2,8.20E+12
Leahton,2019-02-04,15.37,9.59E+12
Valentineton,2019-04-28,5.73,2.11E+11
Port David,2019-03-14,9.22,3.64E+12
West Robert,2019-02-12,14.8,8.06E+12
Valentineton,2019-01-02,34.79,6.36E+12
Port Johnbury,2019-02-20,27.1,3.56E+12
Richardfort,2019-03-04,14.83,9.47E+12
Karenberg,2019-01-08,9.5,1.45E+12
West Robert,2019-03-14,18.28,4.58E+12
New Paulville,2019-02-15,28.18,2.04E+12
West Patrickchester,2019-05-03,44.85,9.42E+12
Loganberg,2019-04-03,5.16,9.23E+12
Pattyland,2019-05-02,4.23,1.66E+11
West Christopherberg,2019-02-20,26.9,1.24E+12
Leahton,2019-02-05,8.38,5.90E+12
Richardfort,2019-03-28,7.75,5.54E+12
West Anthony,2019-03-11,41.37,1.13E+12
East Kaylahaven,2019-04-17,41.19,6.32E+11
Williamsstad,2019-04-01,16.83,1.52E+12
South Phillip,2019-02-12,23.69,3.67E+12
West Samuelburgh,2019-01-18,16.96,3.94E+12
Royland,2019-03-24,10.05,2.96E+12
Justinberg,2019-01-24,8.83,1.86E+12
Karenberg,2019-01-30,8.79,3.83E+12
North Markport,2019-04-09,20.23,2.58E+12
Roberthaven,2019-03-17,26.71,9.35E+12
Royland,2019-01-11,43.07,7.58E+11
Hurleymouth,2019-01-31,19.23,9.54E+12
Roberthaven,2019-04-22,31.29,4.10E+12
Grahamburgh,2019-03-16,30.66,4.74E+12
Johnton,2019-04-26,4.63,3.44E+12
Huntermouth,2019-05-07,25.83,9.62E+11
Pattyland,2019-03-19,18.17,9.39E+12
West Robert,2019-04-16,25.65,3.60E+12
Leahton,2019-04-13,18.25,6.16E+12
Port Frank,2019-04-18,33.73,2.26E+12
Port Frank,2019-02-28,33.83,1.26E+12
West Josephberg,2019-03-08,9.54,8.12E+12
Grahamburgh,2019-02-08,10.63,3.65E+12
Williamsstad,2019-05-06,26.43,8.99E+12
North Barbara,2019-03-27,33.4,5.62E+12
South Phillip,2019-04-17,42.3,1.30E+12
Erikaland,2019-02-05,14.13,9.88E+12
Port Samanthamouth,2019-01-19,38.58,2.63E+12
North Jasmine,2019-04-21,5.31,2.98E+12
West Gabriel,2019-04-27,37.74,7.64E+12
Rodneyfort,2019-02-06,27.87,9.79E+12
New Paulton,2019-04-27,19.06,2.00E+11
Hurleymouth,2019-04-22,9.14,5.56E+12
South Phillip,2019-03-02,30.62,4.98E+12
West Ericstad,2019-01-25,23.27,2.13E+12
Port Samanthamouth,2019-03-20,36.7,8.19E+11
West Josephberg,2019-01-17,7.87,2.30E+12
Port Angela,2019-03-10,43.18,1.89E+12
West Gabriel,2019-04-25,10.86,8.50E+12
Hurleymouth,2019-02-15,42.61,9.95E+12
Jerryton,2019-04-18,42.8,2.66E+12
Lake Danielberg,2019-02-09,10.62,9.24E+12
South Phillip,2019-01-14,41.66,2.77E+12
West Robert,2019-03-28,35.88,2.85E+12
New Kimberlyborough,2019-04-28,33.35,9.50E+12
New Paulville,2019-05-02,12.08,6.16E+11
West Josephberg,2019-04-30,40.08,5.41E+12
Erikaland,2019-03-17,39.58,6.42E+12
North Madeline,2019-04-08,25.79,9.44E+12
West Heidi,2019-04-06,23.41,9.79E+12
Reynoldsfurt,2019-02-02,29.07,1.86E+12
South Latoya,2019-01-18,5.69,7.01E+11
Amandaburgh,2019-03-07,18.76,3.42E+12
West Josephberg,2019-01-20,38.39,4.40E+12
Lake Jonathanshire,2019-01-29,41.05,6.65E+12
West Anthony,2019-04-18,31.16,8.48E+12
Raymondhaven,2019-04-06,30.36,8.73E+12
Hurleymouth,2019-01-11,37.44,7.88E+12
Roberthaven,2019-01-28,21.72,7.33E+12
New Paulville,2019-04-29,14.59,3.63E+12
Robertport,2019-03-26,13.34,5.45E+12
Port Frank,2019-01-19,4.86,5.08E+12
Rogerston,2019-03-26,13.97,2.82E+12
Liumouth,2019-01-16,6.02,3.85E+12
Lake Danielberg,2019-01-21,14.09,9.57E+12
West Josephberg,2019-03-21,6.13,2.30E+12
Leahton,2019-01-15,21.95,1.80E+12
Huntermouth,2019-04-03,29.88,8.97E+12
Lake Danielberg,2019-05-03,19.97,5.54E+11
Loganberg,2019-02-21,7.49,6.41E+11
North Madeline,2019-02-16,37.75,1.45E+12
Hurleymouth,2019-04-09,20.31,2.51E+12
Port Johnbury,2019-03-30,19.48,5.14E+12
Royland,2019-05-07,36.22,2.54E+12
Richardfort,2019-02-14,44.11,2.50E+12
Johnton,2019-01-25,28.14,7.11E+12
North Jason,2019-04-12,33.12,1.71E+12
South Phillip,2019-01-05,41.55,8.83E+12
Reynoldsfurt,2019-01-21,25.19,1.03E+12
West Ericstad,2019-04-12,27.69,4.57E+12
Richardfort,2019-04-27,30.31,6.11E+12
West Heidi,2019-04-22,8.89,5.41E+12
Johnton,2019-03-04,36.76,3.27E+12
West Angela,2019-01-02,19.81,9.74E+12
Leahton,2019-02-28,31.01,2.12E+12
Johnton,2019-04-11,16.63,7.25E+12
Port David,2019-01-21,32.92,8.58E+11
New Kimberlyborough,2019-04-01,35.11,8.28E+12
Port Frank,2019-02-26,25.18,7.28E+12
Barajasview,2019-01-24,9.21,1.84E+12
South Phillip,2019-04-21,32.85,2.75E+12
North Jasmine,2019-04-03,19.66,9.21E+12
New Kimberlyborough,2019-03-13,14.84,1.84E+12
North Jasmine,2019-01-05,26.72,3.67E+12
Reynoldsfurt,2019-02-13,7.43,5.24E+12
North Barbara,2019-05-05,38.15,2.56E+11
South Karenland,2019-04-23,12.34,9.19E+12
North Jasmine,2019-04-17,22.41,4.20E+12
East Kaylahaven,2019-02-16,34.42,8.00E+12
West Samuelburgh,2019-03-07,34.22,1.13E+12
Richardfort,2019-03-03,11.42,2.92E+12
West Heidi,2019-02-19,7.64,8.97E+12
Raymondhaven,2019-05-08,18.45,1.81E+12
North Markport,2019-04-29,19.8,1.84E+12
New Paulton,2019-02-17,37.44,7.43E+12
Karenside,2019-01-25,19.6,4.72E+12
South Jack,2019-03-03,29.88,2.15E+12
South Michelleport,2019-01-20,34.72,6.39E+12
North Jason,2019-04-01,40.45,1.10E+12
Joneschester,2019-01-26,13.77,6.68E+12
Amandaburgh,2019-01-02,33.06,6.33E+12
North Jason,2019-03-28,42.75,4.27E+12
Roberthaven,2019-01-28,28.11,6.23E+12
South Karenland,2019-02-13,24.16,3.27E+12
Rogerston,2019-01-23,21.64,3.85E+12
Robertport,2019-02-14,18.38,9.07E+12
West Samuelburgh,2019-01-06,11.01,73344113439
New Paulton,2019-04-06,38.8,8.52E+12
Port Johnbury,2019-04-12,8.42,39663640391
South Karenland,2019-05-03,19.69,2.54E+12
Liumouth,2019-03-22,39.96,6.16E+12
South Evanton,2019-04-29,5.16,3.15E+11
Huntermouth,2019-04-20,23.65,3.50E+12
Simpsonburgh,2019-04-26,29.22,4.45E+12
Valentineton,2019-02-17,21.74,4.88E+12
Deanville,2019-01-12,39.45,4.20E+11
South Karenland,2019-04-27,6.62,9.44E+12
Lake Jonathanshire,2019-03-22,18.72,4.68E+12
East Kaylahaven,2019-03-01,23.45,3.22E+12
Port David,2019-04-12,35.51,2.99E+12
West Gabriel,2019-01-30,25.64,3.46E+12
South Evanton,2019-02-13,44.33,3.93E+12
Richardfort,2019-01-13,25.81,9.11E+12
North Madeline,2019-04-04,25.38,6.91E+12
South Evanton,2019-04-06,9.3,1.04E+12
Royland,2019-02-18,8.32,5.21E+12
Hurleymouth,2019-01-07,20.01,4.46E+12
West Anthony,2019-04-08,20.83,9.58E+12
Martinezhaven,2019-02-14,27.16,2.20E+12
North Jasmine,2019-01-21,33.06,4.26E+12
Carriemouth,2019-04-15,40.03,2.67E+12
Lake Scottton,2019-01-21,21.81,2.94E+11
Hurleymouth,2019-01-17,24.86,9.30E+12
North Barbara,2019-03-17,6.12,5.48E+12
Royland,2019-04-23,40.39,3.39E+11
North Jason,2019-01-12,9.97,8.00E+12
West Ericstad,2019-01-27,29.05,7.60E+12
Joneschester,2019-03-13,27.79,1.26E+12
North Madeline,2019-05-03,16.44,2.12E+11
Loganberg,2019-02-18,23.98,9.37E+12
West Patrickchester,2019-04-07,33.9,3.86E+12
Justinberg,2019-04-04,19.38,3.73E+12
Lake Jonathanshire,2019-04-16,32.47,1.01E+12
Karenside,2019-03-04,25.21,9.11E+12
North Madeline,2019-02-04,9.84,9.48E+12
West Josephberg,2019-03-30,25.19,7.58E+12
West Christopherberg,2019-05-01,39.8,5.35E+12
Lake Scottton,2019-04-19,37.67,5.49E+12
Simpsonburgh,2019-05-04,33.11,2.86E+12
South Karenland,2019-01-23,22.54,9.07E+11
South Evanton,2019-02-26,7.81,7.42E+11
New Paulville,2019-01-02,33.08,2.37E+12
Carriemouth,2019-03-08,37.81,7.35E+12
North Madeline,2019-03-01,20.8,1.58E+12
West Heidi,2019-01-17,24.19,8.80E+12
Amandaburgh,2019-01-13,23.35,9.98E+12
Valentineton,2019-03-06,38.88,2.76E+12
South Phillip,2019-03-23,40.07,2.31E+12
West Angela,2019-02-22,23.09,5.99E+12
Erikaland,2019-04-25,34.05,5.67E+12
Loganberg,2019-04-23,32.4,2.45E+12
West Heidi,2019-01-01,10.75,6.57E+12
South Michelleport,2019-01-27,30.16,3.95E+12
Christopherfurt,2019-03-15,34.09,1.26E+12
North Markport,2019-04-06,18.15,7.27E+12
West Anthony,2019-02-10,38.54,8.95E+12
South Phillip,2019-04-16,24.63,7.86E+12
South Phillip,2019-01-07,6.54,1.98E+11
Williamsview,2019-03-02,25.15,5.05E+12
Port Frank,2019-01-05,35.35,1.92E+12
West Angela,2019-03-18,13.06,7.21E+12
Liumouth,2019-04-14,25.28,7.89E+12
Port Frank,2019-05-03,21.11,9.06E+12
Jerryton,2019-03-04,22.91,3.50E+12
Richardfort,2019-03-06,8.28,5.13E+12
Lake Danielberg,2019-01-14,24.14,7.96E+12
South Evanton,2019-01-17,34.55,3.37E+12
Williamsview,2019-01-25,41.17,4.84E+12
South Jack,2019-01-29,43.12,6.05E+12
Justinberg,2019-02-13,10.18,3.14E+12
Liumouth,2019-04-29,23.99,8.19E+11
South Jack,2019-01-09,21.13,6.06E+12
South Michelleport,2019-03-29,11.06,9.98E+12
Hurleymouth,2019-02-23,31.97,1.99E+12
West Samuelburgh,2019-02-22,17.35,3.94E+12
North Barbara,2019-04-09,6.68,2.54E+12
Royland,2019-01-20,6.66,4.29E+12
Lake Scottton,2019-04-08,44.03,9.05E+12
Raymondhaven,2019-04-30,29.84,7.63E+12
Lake Scottton,2019-05-08,18.04,5.62E+12
Martinezhaven,2019-05-07,6.89,3.27E+12
Lake Scottton,2019-02-08,34.95,7.93E+12
Richardfort,2019-02-05,42.22,4.05E+12
West Josephberg,2019-04-11,18.65,6.03E+12
New Paulville,2019-03-05,23.75,9.56E+12
South Phillip,2019-05-07,36.51,2.37E+12
South Karenland,2019-03-22,15.54,1.31E+12
Valentineton,2019-01-22,17.74,6.35E+12
South Evanton,2019-05-07,34.03,3.18E+12
Pattyland,2019-04-19,4.55,6.86E+12
Port Samanthamouth,2019-03-15,5.62,6.91E+12
East Kaylahaven,2019-01-11,8.02,9.78E+12
North Madeline,2019-02-27,36.87,9.53E+12
Richardfort,2019-04-04,16.35,6.08E+12
South Michelleport,2019-02-11,28.03,3.13E+12
Port Johnbury,2019-01-21,32.68,2.77E+11
Liumouth,2019-01-18,20.68,9.85E+11
South Evanton,2019-04-08,5.62,1.34E+12
Richardfort,2019-03-05,4.85,3.29E+12
New Jacobville,2019-02-07,26.09,3.52E+12
East Kaylahaven,2019-02-04,38.13,2.89E+12
Williamsstad,2019-01-20,18.79,5.02E+12
Lake Jonathanshire,2019-04-11,25.92,8.53E+12
Port Samanthamouth,2019-04-25,9.44,4.79E+12
South Karenland,2019-03-30,20.21,2.90E+12
West Christopherberg,2019-03-10,7.98,5.73E+12
Lake Scottton,2019-03-29,35.36,3.71E+12
East Kaylahaven,2019-01-24,31.4,7.43E+12
Raymondhaven,2019-04-04,41.45,2.89E+12
Port Frank,2019-03-19,22.63,9.91E+12
New Paulville,2019-04-24,13.32,8.56E+12
Karenberg,2019-04-30,5.7,7.64E+12
Barajasview,2019-03-24,12.24,7.67E+11
North Jason,2019-02-10,25.36,8.59E+12
Barajasview,2019-04-18,12.35,6.12E+12
New Kimberlyborough,2019-04-03,33.74,6.33E+12
West Samuelburgh,2019-01-31,9.67,8.85E+12
West Heidi,2019-03-21,9.06,6.62E+12
Port Frank,2019-01-16,11.97,8.71E+12
West Samuelburgh,2019-04-08,14.52,2.48E+12
West Gabriel,2019-05-01,8.67,4.26E+11
Loganberg,2019-04-18,16.36,4.73E+12
West Josephberg,2019-05-07,29.66,2.62E+11
South Michelleport,2019-02-02,12.77,1.41E+12
Christopherfurt,2019-04-14,39.91,2.53E+11
Justinberg,2019-04-14,7.75,8.86E+12
South Michelleport,2019-03-12,25.1,7.11E+12
West Angela,2019-04-10,31.03,3.52E+12
South Karenland,2019-02-02,10.54,4.51E+12
Carriemouth,2019-05-04,41.54,1.10E+12
Pattyland,2019-01-09,41.04,3.53E+12
West Samuelburgh,2019-03-04,28.18,9.68E+12
North Barbara,2019-02-03,11.54,5.81E+12
Jerryton,2019-02-20,28.24,4.15E+12
Leahton,2019-03-06,14.87,3.84E+12
North Jasmine,2019-02-06,9.12,3.93E+12
South Karenland,2019-01-03,39.16,5.49E+12
Grahamburgh,2019-03-19,33.14,4.38E+12
West Robert,2019-03-29,17.53,8.34E+12
Williamsview,2019-02-18,18.75,4.15E+12
Barajasview,2019-01-04,12.25,1.66E+12
Williamsview,2019-01-01,5.42,5.68E+12
West Ericstad,2019-02-05,30.89,2.46E+12
Lake Danielberg,2019-01-05,28.79,9.79E+12
Barajasview,2019-03-29,29.55,3.84E+12
Liumouth,2019-03-03,26.6,4.28E+12
West Patrickchester,2019-03-06,31.33,2.57E+12
Lake Scottton,2019-01-13,24.81,3.96E+11
Liumouth,2019-01-04,34.77,8.50E+12
Williamsstad,2019-01-03,17.16,28294640252
Lake Danielberg,2019-02-04,24.49,8.60E+11
Justinberg,2019-02-28,14.4,1.13E+12
Jerryton,2019-03-07,15.82,8.11E+12
New Jacobville,2019-03-12,28.12,3.35E+12
Loganberg,2019-01-03,34.42,2.38E+11
West Patrickchester,2019-03-02,25.28,8.92E+12
South Evanton,2019-01-02,16.96,9.41E+12
North Markport,2019-05-04,28.93,1.47E+12
Port Angela,2019-04-02,25.84,8.02E+12
Richardfort,2019-04-14,43.01,7.64E+12
Rogerston,2019-01-27,13.4,9.76E+12
East Kaylahaven,2019-02-11,4.75,9.78E+12
Raymondhaven,2019-02-28,21.78,1.85E+12
Loganberg,2019-02-20,41.16,4.36E+12
South Jack,2019-02-17,18.08,3.67E+12
West Ericstad,2019-05-05,7.76,8.38E+12
Port Frank,2019-02-21,19.81,2.19E+12
Simpsonburgh,2019-01-23,39.95,1.11E+12
Simpsonburgh,2019-01-08,13.01,9.41E+12
South Evanton,2019-02-08,38.21,56240519093
Loganberg,2019-03-30,40.8,3.17E+12
New Paulville,2019-03-08,18.35,3.74E+12
East Kaylahaven,2019-04-30,37.41,1.76E+12
West Gabriel,2019-01-31,6.8,1.04E+12
South Phillip,2019-03-15,22.28,6.02E+12
Richardfort,2019-01-21,10.91,3.57E+12
Williamsview,2019-03-22,15.85,8.55E+12
West Patrickchester,2019-02-16,12.15,9.18E+12
North Jason,2019-05-07,24.2,3.92E+12
Karenberg,2019-04-13,23.73,4.06E+11
East Kaylahaven,2019-03-24,32.21,6.71E+12
Lake Jonathanshire,2019-04-09,15.96,5.77E+11
Williamsstad,2019-03-12,13.79,5.77E+12
Deanville,2019-01-28,31.65,6.50E+11
South Latoya,2019-02-25,25.87,4.91E+12
South Karenland,2019-02-26,38.05,4.45E+11
Justinberg,2019-01-27,28.41,3.49E+12
South Michelleport,2019-04-21,36.47,3.39E+12
Lake Jonathanshire,2019-01-16,26.27,3.27E+12
Jerryton,2019-03-25,9.64,9.48E+12
Grahamburgh,2019-02-23,41.98,3.69E+12
South Karenland,2019-02-26,35.61,8.41E+12
Johnton,2019-04-29,17.89,1.27E+12
Justinberg,2019-01-24,38.79,1.69E+12
Grahamburgh,2019-02-02,22.53,6.58E+12
North Markport,2019-01-17,8.68,9.30E+11
Port Samanthamouth,2019-01-01,11.71,1.85E+12
West Angela,2019-04-11,29.06,7.14E+11
Port David,2019-03-03,13.41,6.41E+12
Christopherfurt,2019-02-23,15.61,8.30E+12
Lake Scottton,2019-02-27,9.43,8.17E+12
Valentineton,2019-01-03,37.4,4.18E+12
Jerryton,2019-02-19,21.27,2.52E+12
Reynoldsfurt,2019-03-21,11.97,9.41E+12
Hurleymouth,2019-02-24,8.33,2.05E+12
South Latoya,2019-03-13,16.01,2.76E+12
North Jasmine,2019-03-21,39.02,7.93E+12
Richardfort,2019-03-16,21.39,2.37E+11
Roberthaven,2019-05-03,42.15,2.59E+12
South Michelleport,2019-01-05,39.9,6.11E+12
Port Johnbury,2019-01-15,40.32,2.12E+12
Loganberg,2019-01-31,20.36,1.82E+12
Robertport,2019-04-30,14.81,1.47E+12
South Michelleport,2019-02-27,10.4,6.48E+12
New Jacobville,2019-03-03,41.39,3.09E+12
Martinezhaven,2019-04-12,11.55,9.31E+12
West Gabriel,2019-04-08,13.31,8.63E+12
South Jack,2019-04-10,29.97,6.13E+12
New Paulville,2019-01-05,21.57,3.71E+12
Royland,2019-01-11,18.42,5.58E+12
Roberthaven,2019-01-15,30.42,5.91E+12
Justinberg,2019-03-12,24.41,3.09E+12
West Angela,2019-02-21,40.55,1.83E+12
North Madeline,2019-01-30,16.5,8.65E+12
Port Angela,2019-02-03,6.42,9.47E+12
North Jason,2019-03-30,12.04,6.62E+12
West Patrickchester,2019-04-18,29.12,8.01E+12
North Jason,2019-03-27,30.66,3.37E+12
West Anthony,2019-02-03,19.66,2.91E+12
Liumouth,2019-04-29,32.1,2.70E+12
Martinezhaven,2019-04-13,40.2,8.86E+12
West Josephberg,2019-01-12,5.77,5.09E+12
Simpsonburgh,2019-01-05,39.44,2.52E+11
New Paulville,2019-01-05,44.68,3.08E+12
Christopherfurt,2019-02-04,41.12,8.08E+11
Johnton,2019-03-15,30.27,1.60E+12
South Jack,2019-02-06,7.71,6.33E+12
Joneschester,2019-03-28,7.56,4.61E+12
Lake Danielberg,2019-02-23,9.25,8.30E+12
Port Frank,2019-01-18,19.98,4.49E+12
Lake Jonathanshire,2019-01-21,37.25,2.97E+12
Rogerston,2019-03-07,27.26,9.45E+12
South Karenland,2019-01-02,19.57,7.27E+12
West Gabriel,2019-01-15,11.71,3.84E+12
West Gabriel,2019-01-12,31.98,2.99E+12
Robertport,2019-03-17,14.61,8.50E+12
West Christopherberg,2019-04-03,33.03,1.48E+12
Lake Scottton,2019-04-02,43.2,3.93E+12
West Christopherberg,2019-02-07,10.91,3.73E+12
West Anthony,2019-04-18,11.2,3.22E+12
Robertport,2019-04-16,36.11,5.89E+12
Erikaland,2019-03-27,26.25,4.81E+12
Williamsview,2019-01-17,32.29,7.45E+12
West Robert,2019-01-30,43.02,7.20E+12
Hurleymouth,2019-02-06,32.93,4.14E+12
New Paulton,2019-02-21,27.56,3.95E+12
Deanville,2019-01-07,21.5,9.42E+12
Karenside,2019-01-12,37.73,1.87E+12
New Paulton,2019-03-12,38.26,79314274773
Port Samanthamouth,2019-04-09,24.99,6.74E+12
South Phillip,2019-05-03,8.3,8.58E+12
Lake Danielberg,2019-02-06,29.96,2.33E+12
Martinezhaven,2019-02-06,40.29,4.67E+12
Pattyland,2019-04-12,28.65,6.92E+12
Port Johnbury,2019-02-05,7.44,3.01E+12
Richardfort,2019-03-22,16.35,5.93E+12
Valentineton,2019-02-17,37.19,5.02E+12
Rodneyfort,2019-04-19,35.79,9.92E+12
West Christopherberg,2019-04-19,22.86,9.75E+12
Valentineton,2019-03-08,43.59,5.86E+12
New Jacobville,2019-02-21,40.05,3.02E+12
Joneschester,2019-05-05,21.74,2.73E+12
Johnton,2019-01-14,19.68,8.53E+12
West Heidi,2019-01-29,38.68,4.82E+12
West Christopherberg,2019-04-11,4.88,7.74E+12
West Angela,2019-03-17,23.45,7.77E+12
South Evanton,2019-01-09,40.73,6.53E+12
West Gabriel,2019-01-23,40.17,9.16E+12
Carriemouth,2019-04-05,38.17,8.16E+12
West Ericstad,2019-03-18,23.62,6.21E+12
North Jasmine,2019-04-22,6.49,1.62E+12
Martinezhaven,2019-04-30,36.07,1.52E+12
West Gabriel,2019-02-17,17.03,4.39E+12
Liumouth,2019-03-06,37.4,6.02E+11
Roberthaven,2019-05-02,21.8,3.46E+12
West Angela,2019-02-21,27.68,7.92E+11
West Robert,2019-02-01,30.94,2.18E+11
Carriemouth,2019-04-27,8.28,4.52E+11
North Jason,2019-01-08,10.74,1.78E+12
West Angela,2019-04-13,28.75,3.70E+12
Reynoldsfurt,2019-02-03,6.34,5.56E+12
Lake Jonathanshire,2019-04-11,22.48,3.51E+12
New Kimberlyborough,2019-02-05,18.02,3.98E+12
Jerryton,2019-03-23,37.89,4.28E+12
Joneschester,2019-03-04,41.65,9.83E+12
Lake Jonathanshire,2019-02-16,17.58,3.64E+12
Richardfort,2019-01-03,5.32,3.27E+12
Deanville,2019-01-29,25.39,9.62E+12
Richardfort,2019-03-29,37.76,4.80E+12
Royland,2019-03-23,13.7,8.51E+12
Jerryton,2019-04-20,29.84,8.13E+12
Lake Jonathanshire,2019-01-17,28.42,6.54E+12
Karenberg,2019-04-24,34.67,7.00E+12
Joneschester,2019-02-17,10.52,3.38E+12
Rogerston,2019-02-27,27.4,6.54E+12
North Jason,2019-01-11,19.64,6.88E+12
Reynoldsfurt,2019-04-11,38.35,6.52E+12
Rogerston,2019-01-26,11.13,9.12E+12
Grahamburgh,2019-03-11,34.53,1.67E+12
Lake Jonathanshire,2019-01-21,22.36,2.52E+12
Lake Danielberg,2019-03-05,44.77,9.04E+11
Liumouth,2019-01-30,22.9,2.85E+12
West Gabriel,2019-01-28,5.58,8.44E+12
North Jason,2019-01-24,40.15,6.72E+12
West Robert,2019-03-16,42.89,3.37E+12
Huntermouth,2019-01-24,42.36,2.88E+12
Karenside,2019-01-17,11.6,2.90E+12
Karenberg,2019-02-19,12.25,3.87E+12
Amandaburgh,2019-01-29,41.06,4.30E+12
West Robert,2019-02-18,44.97,3.42E+11
Pattyland,2019-01-12,17.85,1.72E+12
West Robert,2019-02-19,40.64,5.09E+12
Lake Jonathanshire,2019-02-23,26.63,5.37E+12
Raymondhaven,2019-03-31,7.67,3.68E+12
New Kimberlyborough,2019-04-24,37.73,2.21E+12
North Jasmine,2019-05-08,18.55,5.68E+12
Reynoldsfurt,2019-02-09,21.02,6.20E+12
West Anthony,2019-03-08,41.3,1.15E+12
West Christopherberg,2019-01-30,16.85,7.34E+12
Erikaland,2019-02-11,35.89,1.69E+12
Port Samanthamouth,2019-02-02,39.28,2.67E+12
New Jacobville,2019-04-30,5.6,3.98E+12
Huntermouth,2019-03-27,22.64,9.54E+12
Joneschester,2019-03-19,42.74,4.50E+12
Port Frank,2019-01-15,30.93,8.73E+12
Leahton,2019-03-03,43.44,4.29E+12
Raymondhaven,2019-02-07,38.67,8.35E+12
South Latoya,2019-04-22,27.54,3.39E+12
West Ericstad,2019-03-04,43.98,6.43E+12
Liumouth,2019-04-12,10.53,8.95E+12
Port Johnbury,2019-04-25,10.26,2.98E+12
Robertport,2019-04-18,24.48,4.27E+12
South Michelleport,2019-04-27,27.89,3.55E+11
Grahamburgh,2019-02-16,30.23,5.12E+12
Liumouth,2019-04-02,25.56,9.54E+12
Grahamburgh,2019-04-10,37.67,1.45E+12
Rogerston,2019-02-03,4.41,1.72E+12
New Paulville,2019-01-21,33.47,8.22E+12
Liumouth,2019-02-28,30.3,2.08E+12
Port Frank,2019-02-06,34.86,3.94E+12
Loganberg,2019-02-21,36.21,8.54E+12
Karenside,2019-03-21,26.69,7.73E+12
West Angela,2019-04-14,39.95,7.95E+12
West Josephberg,2019-01-31,38.28,4.20E+12
West Samuelburgh,2019-02-22,7.13,2.72E+12
Lake Danielberg,2019-02-06,30.31,3.40E+12
Johnton,2019-01-31,23.36,3.67E+12
West Ericstad,2019-01-21,8.07,7.51E+12
Lake Scottton,2019-04-18,4.36,5.84E+12
North Jasmine,2019-04-17,11.76,4.45E+12
North Jason,2019-04-15,42.29,5.01E+12
North Jason,2019-03-04,38.49,3.34E+12
Lake Danielberg,2019-02-17,11.7,4.87E+12
Christopherfurt,2019-04-04,24.47,5.72E+11
Port Johnbury,2019-01-04,32.75,1.74E+12
Port Angela,2019-05-04,21.62,6.30E+12
Port Frank,2019-04-28,15,7.32E+12
North Barbara,2019-01-08,25.84,3.51E+12
North Jason,2019-04-14,8.05,7.83E+12
Barajasview,2019-01-12,21.64,3.01E+12
North Jasmine,2019-01-13,16.92,5.90E+12
South Karenland,2019-04-25,36.71,7.09E+12
West Gabriel,2019-02-20,28.13,7.47E+12
Carriemouth,2019-03-25,26.4,4.29E+12
Huntermouth,2019-03-17,30.31,6.91E+12
Valentineton,2019-01-12,42.31,5.90E+12
East Kaylahaven,2019-01-29,26.79,5.04E+12
Lake Danielberg,2019-04-12,41.45,5.34E+12
West Robert,2019-01-15,33.91,2.16E+12
Williamsstad,2019-04-04,31.52,7.78E+11
Port David,2019-04-22,30.03,7.36E+12
Karenside,2019-03-03,19.19,1.72E+12
Valentineton,2019-03-16,5.23,7.41E+12
New Kimberlyborough,2019-04-03,43.07,5.60E+12
New Jacobville,2019-04-20,13.35,9.26E+12
Joneschester,2019-04-13,27.36,7.53E+12
Joneschester,2019-04-20,30.12,8.97E+12
Jerryton,2019-03-24,31.47,5.42E+12
Grahamburgh,2019-01-03,17.61,7.88E+12
Royland,2019-01-18,32.11,4.55E+12
West Robert,2019-03-10,6.74,6.68E+12
Karenside,2019-02-19,17.41,1.22E+12
Williamsview,2019-04-18,39.79,8.75E+12
Simpsonburgh,2019-03-03,7.63,4.18E+12
West Angela,2019-05-07,12.35,2.05E+12
West Heidi,2019-01-15,21.44,83498621902
Leahton,2019-03-13,36.79,6.21E+12
Reynoldsfurt,2019-02-14,39.4,9.07E+12
Christopherfurt,2019-03-13,32.05,2.79E+12
Raymondhaven,2019-03-20,38.53,8.66E+12
Port Johnbury,2019-03-26,7.63,8.09E+12
West Gabriel,2019-05-05,27.57,4.43E+12
Barronchester,2019-01-27,27.79,6.65E+12
East Kentstad,2019-04-07,18.75,6.58E+12
Lake Omar,2019-01-17,21.71,9.67E+11
Myersshire,2019-02-27,17.1,5.71E+12
West Hannah,2019-04-19,37.78,2.27E+12
East Marymouth,2019-03-29,37.6,6.37E+12
New Raymond,2019-02-25,20.44,5.98E+12
Lake Robertside,2019-01-11,46.51,6.57E+12
Josephside,2019-03-30,44.74,5.59E+12
Brandonfort,2019-01-14,28.02,8.10E+12
Josephside,2019-02-07,31.94,3.19E+12
New Raymond,2019-03-21,22.12,6.03E+12
Lewisland,2019-02-14,42.31,5.80E+11
East Kentstad,2019-01-22,35.01,8.75E+12
Myersshire,2019-04-29,17.99,1.13E+12
Myersshire,2019-01-10,45.81,7.01E+12
Lewisland,2019-01-30,32.4,5.10E+12
West Hannah,2019-03-22,25.86,7.62E+12
North Richardhaven,2019-02-18,41.54,4.27E+12
New Olivia,2019-03-29,44.12,7.72E+12
New Shannonberg,2019-03-19,25.46,3.75E+11
Barronchester,2019-05-05,30.38,2.28E+12
Nicolechester,2019-02-09,40.83,85473064902
New Raymond,2019-03-18,36.26,3.15E+12
New Raymond,2019-05-03,48.56,9.50E+12
Victoriaport,2019-04-21,12.13,3.31E+12
South Teresa,2019-01-29,38.47,5.75E+12
North Richardhaven,2019-04-07,36.32,5.01E+12
East Aaronbury,2019-03-19,20.04,4.12E+12
South Teresa,2019-02-23,46.02,4.62E+12
Bethanyland,2019-04-01,38.71,8.22E+12
Lake Scott,2019-01-10,37.96,8.13E+12
East Marymouth,2019-01-16,46.2,1.18E+12
North Jeffrey,2019-02-04,29.87,7.91E+12
Rodriguezview,2019-03-27,49.65,8.75E+12
Bethanyland,2019-03-15,37.09,6.24E+12
East Kentstad,2019-05-01,39.29,1.99E+12
Myersshire,2019-01-06,22.8,4.99E+11
Lake Robertside,2019-03-05,29.12,4.06E+12
Sotoville,2019-03-29,34.97,7.31E+12
South Brenda,2019-04-28,27.86,5.86E+12
Port Shane,2019-04-09,27.66,4.02E+12
Lake Omar,2019-03-26,48.26,5.01E+12
Lake Robertside,2019-04-30,22.26,2.02E+11
Lake Robertside,2019-03-18,44.21,9.84E+12
South Brenda,2019-04-21,17.8,3.50E+12
North Timothy,2019-04-06,38.39,4.78E+12
Nicolechester,2019-04-10,38.08,8.12E+12
Port Shane,2019-04-23,42.26,8.34E+12
New Shannonberg,2019-04-20,30.82,6.83E+12
Veronicaberg,2019-01-19,19.28,2.35E+12
West Hannah,2019-01-09,14.41,1.04E+12
Port Shane,2019-03-02,14.95,2.80E+12
Nicolechester,2019-03-08,16.35,1.05E+12
Victoriaport,2019-04-22,16.31,6.07E+12
New Raymond,2019-01-05,22.5,7.83E+12
New Shannonberg,2019-02-01,34.09,8.59E+12
East Marymouth,2019-04-27,36.11,8.31E+12
Williamsonville,2019-01-09,48.73,6.51E+12
East Kentstad,2019-04-19,22.42,1.14E+12
Victoriaport,2019-02-02,25.68,9.00E+12
New Raymond,2019-01-02,45.32,8.88E+12
Victoriaport,2019-04-02,12.19,6.99E+12
Barronchester,2019-04-25,36.13,2.66E+12
Brandonfort,2019-04-08,35.64,6.11E+12
Lewishaven,2019-04-19,21.92,7.11E+12
Brandonfort,2019-03-22,38.66,4.75E+12
Port Shane,2019-03-26,19.03,6.01E+12
East Marymouth,2019-03-21,17.43,1.62E+12
New Shannonberg,2019-01-15,35.34,7.45E+12
New Shannonberg,2019-05-05,16.77,8.39E+12
Lake Ann,2019-02-14,42.13,6.19E+12
Victoriaport,2019-03-14,16.5,7.11E+12
North Richardhaven,2019-01-22,18.45,2.63E+12
Rodriguezview,2019-04-20,23.58,3.29E+12
Grayville,2019-04-06,18.11,6.20E+12
Lake Robertside,2019-01-13,28.37,5.20E+12
West Hannah,2019-02-01,33.85,8.30E+12
New Olivia,2019-02-05,47.15,7.74E+12
Grayville,2019-04-28,43.22,6.02E+12
Port Shane,2019-03-15,31.58,2.55E+12
Myersshire,2019-03-26,28.71,2.18E+12
Lake Ann,2019-04-30,14.56,5.47E+12
Colemanland,2019-04-20,20.83,2.98E+12
West Kimmouth,2019-01-04,20.69,1.69E+12
Lake Ann,2019-03-06,13.61,1.26E+12
Lake Scott,2019-04-29,25.75,4.96E+12
Mezachester,2019-03-25,21.89,2.29E+12
Brandonfort,2019-05-02,48.63,4.44E+12
Lake Scott,2019-03-26,26.24,1.98E+12
Veronicaberg,2019-04-24,49.45,5.88E+12
Lewisland,2019-01-25,32.38,8.33E+12
Lake Scott,2019-05-07,21.72,7.63E+12
East Marymouth,2019-04-03,26.93,3.38E+12
Sotoville,2019-04-22,46.5,7.09E+12
North Richardhaven,2019-03-03,18.17,3.25E+12
New Shannonberg,2019-02-09,37.52,3.11E+12
New Raymond,2019-05-01,14.2,1.54E+12
Brandonfort,2019-01-02,49.95,1.30E+12
Lake Scott,2019-01-03,47.97,8.02E+12
Nicolechester,2019-05-02,36.59,6.82E+12
East Marymouth,2019-05-01,13.17,9.05E+12
Myersshire,2019-01-25,35.65,3.46E+12
Nicolechester,2019-03-04,27.67,1.79E+12
Davidfurt,2019-01-05,31.48,1.95E+12
Josephside,2019-03-12,29.47,1.70E+12
Myersshire,2019-01-02,33.62,6.49E+12
Sotoville,2019-01-25,24.13,7.37E+12
Veronicaberg,2019-02-02,26.42,8.46E+12
Josephside,2019-01-18,33.07,7.13E+12
Rodriguezview,2019-02-17,22.76,2.75E+12
Lewisland,2019-04-08,35.16,5.72E+12
Sotoville,2019-04-23,34.87,99483095214
Davidfurt,2019-01-17,28.28,6.65E+12
Mezachester,2019-01-22,40.67,1.96E+12
Josephside,2019-03-03,17.39,1.28E+12
Mezachester,2019-03-18,40.81,9.43E+12
New Shannonberg,2019-02-26,16.39,1.11E+12
East Marymouth,2019-03-08,43.79,1.70E+12
South Brenda,2019-01-19,44.36,6.11E+12
Colemanland,2019-03-05,13.39,8.89E+12
New Shannonberg,2019-05-03,34.08,1.77E+12
East Aaronbury,2019-03-16,20.59,6.15E+12
East Aaronbury,2019-01-27,28.56,5.98E+12
East Danielview,2019-02-25,26.33,5.14E+11
Barronchester,2019-03-31,44.24,1.25E+12
Mezachester,2019-04-26,30.75,3.18E+12
South Teresa,2019-04-02,23.78,2.96E+11
East Kentstad,2019-03-24,31.53,1.91E+12
Brandonfort,2019-03-19,45.52,2.01E+11
New Shannonberg,2019-05-07,20.52,8.31E+12
Grayville,2019-02-19,19.52,9.23E+12
South Teresa,2019-03-28,17.5,9.67E+12
East Marymouth,2019-03-12,38.26,5.24E+12
Lake Robertside,2019-04-10,34.14,9.36E+12
Colemanland,2019-03-02,36.81,1.17E+11
South Brenda,2019-01-10,47.52,3.07E+12
Lewisland,2019-01-28,35.6,9.37E+12
New Raymond,2019-01-15,47.01,3.57E+12
North Richardhaven,2019-01-01,31.15,7.19E+12
Josephside,2019-04-17,32.72,6.32E+12
Nicolechester,2019-04-05,19.57,1.11E+12
Veronicaberg,2019-01-18,33.04,4.34E+12
Colemanland,2019-02-20,43.09,8.70E+12
Lewishaven,2019-04-20,21.23,8.14E+12
Mezachester,2019-01-06,39.83,8.42E+12
Williamsonville,2019-02-01,38.9,1.25E+12
Josephside,2019-01-17,35.68,4.97E+12
New Olivia,2019-04-17,30.81,1.52E+12
East Marymouth,2019-01-27,43.06,6.91E+12
Lewishaven,2019-04-27,14.01,6.52E+12
North Richardhaven,2019-01-28,21.85,3.78E+12
New Raymond,2019-03-08,34.45,8.90E+12
South Teresa,2019-04-19,17.27,6.68E+12
Lake Ann,2019-05-07,24.89,7.36E+12
West Kimmouth,2019-01-13,19.47,6.50E+12
East Marymouth,2019-04-12,33.18,9.39E+12
North Jeffrey,2019-02-28,31.14,6.80E+12
Myersshire,2019-01-26,49.22,1.97E+12
Williamsonville,2019-01-17,28.65,6.11E+12
Victoriaport,2019-01-20,38.74,1.20E+11
West Hannah,2019-04-19,24.58,2.16E+12
Williamsonville,2019-02-12,26.49,8.22E+12
Lake Omar,2019-04-06,40.55,8.97E+12
East Marymouth,2019-04-02,20,9.37E+12
Brandonfort,2019-04-07,35.76,2.97E+12
Lake Ann,2019-01-15,28.15,3.60E+12
Lake Robertside,2019-01-23,46.83,3.57E+12
Brandonfort,2019-02-06,35.41,5.05E+12
New Olivia,2019-03-27,34.65,7.35E+12
Veronicaberg,2019-01-08,30.66,7.84E+12
New Shannonberg,2019-04-20,41.85,5.51E+12
Grayville,2019-03-14,25.12,3.75E+12
South Teresa,2019-03-12,23.46,8.44E+11
South Brenda,2019-02-19,29.37,6.76E+11
Lewisland,2019-01-07,17.57,3.77E+12
Lake Robertside,2019-02-05,21.45,3.67E+12
West Hannah,2019-02-18,40.22,8.81E+12
West Kimmouth,2019-02-08,27.93,6.52E+11
East Marymouth,2019-02-21,41.21,2.45E+12
Grayville,2019-02-13,48.59,4.96E+12
New Olivia,2019-03-05,19.21,8.46E+12
North Timothy,2019-04-29,29.39,6.61E+12
East Kentstad,2019-01-26,39.19,9.31E+12
East Danielview,2019-04-19,28.28,1.49E+11
Veronicaberg,2019-02-05,46.91,3.27E+12
West Hannah,2019-02-06,18.33,1.40E+12
West Hannah,2019-02-16,20.35,7.96E+12
Port Shane,2019-03-17,20.74,7.23E+12
East Marymouth,2019-03-06,35.95,5.15E+12
Veronicaberg,2019-04-25,24.51,6.53E+12
Lewisland,2019-01-25,44.61,7.56E+12
West Kimmouth,2019-03-16,35.36,6.76E+12
North Timothy,2019-04-20,46.24,2.79E+12
New Olivia,2019-01-27,46.97,3.20E+12
West Hannah,2019-03-25,40.11,4.50E+12
Lake Ann,2019-01-24,32.31,2.99E+12
Myersshire,2019-03-15,15.71,2.81E+12
New Raymond,2019-02-28,17.09,4.63E+12
South Teresa,2019-02-12,33.19,7.58E+11
North Timothy,2019-01-22,48.45,5.70E+12
East Danielview,2019-04-07,18.98,6.29E+12
Lake Scott,2019-01-30,48.78,1.36E+12
Grayville,2019-04-14,49.85,9.37E+12
South Teresa,2019-03-25,17.99,7.61E+12
Lake Robertside,2019-04-01,28.07,1.68E+12
Barronchester,2019-03-02,36.49,4.03E+12
Nicolechester,2019-05-02,23.06,5.83E+12
Lewishaven,2019-01-15,22.44,9.66E+12
Lake Omar,2019-02-26,12.49,4.14E+12
Victoriaport,2019-01-23,27.09,3.33E+11
Williamsonville,2019-03-19,44.85,9.12E+12
South Brenda,2019-01-03,19.99,5.35E+12
New Olivia,2019-01-25,39.12,7.57E+12
New Raymond,2019-05-03,13.36,8.61E+12
West Kimmouth,2019-02-06,13.59,8.84E+12
West Hannah,2019-05-05,36.08,1.87E+12
East Aaronbury,2019-04-19,29.27,7.20E+12
Lewisland,2019-03-10,40.27,6.28E+12
North Timothy,2019-01-14,15.06,1.24E+12
Rodriguezview,2019-02-15,45.4,5.20E+11
North Jeffrey,2019-03-07,29.34,2.59E+12
Josephside,2019-02-22,16.97,1.76E+12
Grayville,2019-01-03,12.6,8.66E+12
West Kimmouth,2019-03-07,29.43,7.68E+12
Davidfurt,2019-03-26,28.69,5.10E+12
South Brenda,2019-01-16,20.27,3.32E+12
North Timothy,2019-01-17,40.87,1506044208
North Richardhaven,2019-03-14,13.09,5.41E+12
New Raymond,2019-03-17,18.09,5.03E+12
North Jeffrey,2019-02-28,46.4,7.55E+12
Lake Scott,2019-02-18,38.47,1.40E+12
Colemanland,2019-01-01,47.74,2.22E+12
Lake Robertside,2019-03-27,29.07,2.04E+12
West Hannah,2019-01-27,22.42,3.20E+12
Bethanyland,2019-02-11,23.06,4.37E+12
Bethanyland,2019-05-03,40.85,6.70E+12
New Olivia,2019-04-10,30.41,7.89E+12
North Timothy,2019-02-25,22.27,8.60E+12
West Kimmouth,2019-01-17,24.22,8.38E+12
Lewishaven,2019-03-02,33.22,8.10E+11
Grayville,2019-02-18,12.55,1.00E+12
East Marymouth,2019-05-04,39.07,4.46E+12
Davidfurt,2019-03-15,48.34,2.41E+12
Sotoville,2019-01-01,24.07,7.83E+12
Mezachester,2019-04-29,28.43,7.29E+12
Veronicaberg,2019-01-20,22.02,4.11E+12
Lewishaven,2019-01-02,20.68,8.84E+12
Josephside,2019-03-19,37.42,6.76E+12
West Kimmouth,2019-04-05,28.07,3.87E+12
New Raymond,2019-03-06,15.53,6.12E+12
Barronchester,2019-04-07,21.95,9.36E+12
South Teresa,2019-02-24,48.8,8.24E+12
Lake Robertside,2019-01-14,21.46,2.93E+12
Josephside,2019-02-07,15.98,6.79E+12
West Hannah,2019-02-17,12.6,2.73E+12
South Brenda,2019-03-23,40.53,2.62E+12
Williamsonville,2019-02-19,22.23,1.78E+12
New Raymond,2019-01-07,28.74,4.25E+12
Brandonfort,2019-01-11,37.35,8.70E+12
Colemanland,2019-02-21,30.97,4.05E+12
South Teresa,2019-04-19,34.93,9.23E+12
Myersshire,2019-03-25,18.16,2.36E+12
East Danielview,2019-03-02,14.32,2.11E+12
West Hannah,2019-04-23,47.08,6.28E+12
Nicolechester,2019-01-07,27.44,1.92E+12
Barronchester,2019-02-18,42.32,3.49E+12
North Timothy,2019-05-07,26.3,4.91E+12
East Aaronbury,2019-04-08,21.29,6.31E+11
Bethanyland,2019-03-26,24.27,7.25E+12
East Danielview,2019-05-03,48.24,3.33E+12
New Olivia,2019-01-03,38.31,93262977180
Rodriguezview,2019-01-09,29.19,38504866921
Victoriaport,2019-02-27,44.91,6.93E+12
North Jeffrey,2019-01-23,27.11,6.33E+12
New Olivia,2019-02-06,13.03,1.38E+12
East Danielview,2019-02-28,42.71,2.32E+12
Bethanyland,2019-02-18,38.8,9.38E+12
Colemanland,2019-02-01,16.11,7.60E+12
Grayville,2019-02-26,12.64,5.44E+11
Nicolechester,2019-03-14,47.93,4.42E+12
Bethanyland,2019-02-03,22.82,9.68E+12
Nicolechester,2019-01-12,30.79,9.52E+12
Port Shane,2019-04-24,45.92,5.39E+12
Brandonfort,2019-05-03,41.62,3.18E+12
West Kimmouth,2019-04-15,27.16,8.18E+12
Williamsonville,2019-01-30,36.81,8.09E+12
Josephside,2019-04-02,49.33,4.83E+11
Josephside,2019-02-17,38.24,1.25E+12
Mezachester,2019-04-01,24.4,8.96E+12
Josephside,2019-01-18,14.75,6.14E+12
North Richardhaven,2019-04-04,23.79,1.15E+12
Bethanyland,2019-02-08,28.27,5.52E+12
Lake Scott,2019-01-24,47.83,6.81E+12
East Danielview,2019-02-19,31.72,7.45E+12
East Aaronbury,2019-02-24,36.88,9.78E+12
Sotoville,2019-03-28,34.03,4.00E+12
Lewishaven,2019-01-18,32.13,2.82E+12
Josephside,2019-04-01,23.73,6.12E+12
Nicolechester,2019-02-04,49.21,4.28E+12
Josephside,2019-03-07,39.17,6.54E+12
East Kentstad,2019-05-07,38.74,41356844955
Colemanland,2019-02-28,35.07,8.31E+12
Lewishaven,2019-02-22,20.35,3.26E+12
Lake Robertside,2019-04-02,21.31,4.63E+12
Lake Scott,2019-03-16,28.99,6.20E+12
Josephside,2019-05-02,21.33,6.70E+12
South Brenda,2019-02-19,45.55,1.09E+12
Williamsonville,2019-01-14,40.72,7.26E+12
Colemanland,2019-02-26,32.7,7.02E+12
New Olivia,2019-03-19,33.43,2.16E+12
Lake Robertside,2019-03-12,31.23,3.35E+12
Rodriguezview,2019-05-01,26.92,1.69E+12
Brandonfort,2019-03-26,19.22,8.66E+12
Victoriaport,2019-02-24,45.66,3.82E+12
North Richardhaven,2019-01-20,20.89,6.07E+12
Colemanland,2019-04-29,34.77,3.00E+11
Williamsonville,2019-04-04,18.77,7.55E+12
Barronchester,2019-03-06,46.07,4.55E+12
Lewisland,2019-02-27,36.26,6.39E+12
New Raymond,2019-03-07,26.55,6.93E+12
South Brenda,2019-01-01,25.56,2.61E+12
South Brenda,2019-03-21,49.59,3.89E+12
North Timothy,2019-04-14,41.17,2.44E+12
East Marymouth,2019-05-06,34.12,9.22E+12
Barronchester,2019-03-26,30.32,1.78E+12
Mezachester,2019-02-16,29.25,9.84E+12
East Kentstad,2019-04-19,44.82,7.50E+11
East Marymouth,2019-01-11,12.21,56113993388
East Marymouth,2019-02-04,31.44,9.31E+12
New Olivia,2019-02-03,42.89,7.78E+12
North Jeffrey,2019-04-09,21.2,8.49E+12
North Richardhaven,2019-01-19,41.94,4.58E+12
Lake Scott,2019-05-05,18.48,7.99E+12
West Kimmouth,2019-05-01,23.69,1.25E+12
Lewisland,2019-02-21,23.3,7.50E+12
Mezachester,2019-01-13,23.83,5.27E+12
Williamsonville,2019-05-07,26.11,2.82E+12
East Marymouth,2019-04-04,23.38,8.03E+12
Veronicaberg,2019-05-07,42.48,3.34E+12
Lewisland,2019-03-28,43.77,7.96E+12
Lewisland,2019-02-06,33.22,5.53E+12
Josephside,2019-02-24,40.92,1.75E+11
Bethanyland,2019-03-17,44.81,4.17E+12
North Richardhaven,2019-02-07,12.58,1.43E+12
West Kimmouth,2019-03-09,35.3,5.04E+12
Lake Robertside,2019-03-14,35.79,8.74E+12
New Shannonberg,2019-02-18,21.66,8.77E+12
North Jeffrey,2019-01-14,25.02,4.72E+12
Nicolechester,2019-01-08,26.16,8.90E+11
Williamsonville,2019-03-06,25.69,8.76E+11
Colemanland,2019-04-23,16.1,3.63E+12
West Hannah,2019-04-02,33.41,3.06E+11
South Brenda,2019-01-16,47.66,4.36E+12
Grayville,2019-03-05,14.15,3.50E+12
Port Shane,2019-01-28,45.7,5.72E+12
Veronicaberg,2019-02-09,26.39,1.33E+12
North Jeffrey,2019-02-18,35.03,4.48E+12
Nicolechester,2019-02-10,37.22,3.46E+12
Grayville,2019-03-20,35.34,3.55E+12
West Kimmouth,2019-03-29,34.84,1.77E+12
New Raymond,2019-04-08,46.37,2.49E+11
West Kimmouth,2019-01-09,19.77,6.84E+11
Brandonfort,2019-01-10,40.2,9.84E+12
Victoriaport,2019-01-26,23.94,4.20E+12
Port Shane,2019-04-06,43.21,1.91E+12
Brandonfort,2019-03-13,21.62,9.84E+12
North Jeffrey,2019-01-10,33.85,8.09E+12
New Shannonberg,2019-04-20,46.8,5.92E+11
Barronchester,2019-03-20,35.09,4.84E+12
Josephside,2019-04-26,27.2,3.03E+12
Rodriguezview,2019-05-05,25.19,5.11E+12
South Teresa,2019-03-26,37.29,8.50E+11
Port Shane,2019-01-15,33.95,5.36E+12
New Shannonberg,2019-05-02,13.08,5.65E+12
Rodriguezview,2019-04-24,18.22,6.27E+12
Lake Ann,2019-02-16,39.8,1.71E+12
Myersshire,2019-04-15,32.13,6.92E+12
Colemanland,2019-04-22,31.43,8.43E+12
Veronicaberg,2019-01-11,31.26,8.82E+12
Lewishaven,2019-01-20,35,5.77E+12
South Brenda,2019-03-04,16.6,2.24E+12
East Marymouth,2019-01-23,24.91,6.00E+12
Rodriguezview,2019-04-28,26.61,4.84E+12
Grayville,2019-01-07,34.62,8.24E+12
Nicolechester,2019-03-08,31.71,5.16E+12
Lake Scott,2019-05-02,35.54,8.22E+12
Rodriguezview,2019-01-12,26.41,8.99E+11
South Teresa,2019-03-01,34.24,2.69E+12
Lake Scott,2019-01-24,23.8,8.23E+12
South Brenda,2019-01-28,30.98,6.00E+12
South Brenda,2019-01-05,47.38,2.89E+12
Josephside,2019-02-03,43.39,7.79E+12
Myersshire,2019-04-20,37.15,4.25E+12
East Danielview,2019-01-15,21.97,2.32E+11
North Timothy,2019-02-16,14.94,7.96E+12
Sotoville,2019-04-22,31.24,9.47E+11
Grayville,2019-01-25,39.35,6.11E+12
Myersshire,2019-04-30,41.25,5.29E+12
Barronchester,2019-01-09,38.57,1.25E+12
Mezachester,2019-01-02,47.07,8.99E+12
East Marymouth,2019-01-19,29.94,3.89E+11
West Kimmouth,2019-02-10,23.35,6.12E+12
Veronicaberg,2019-01-31,23.41,4.30E+12
Josephside,2019-04-10,32.26,5.72E+12
Sotoville,2019-04-27,28.84,9.91E+12
Veronicaberg,2019-01-18,44.05,1.68E+12
Victoriaport,2019-03-19,29.54,3.05E+12
New Raymond,2019-01-10,49.19,7.83E+12
West Hannah,2019-02-13,42.61,8.81E+11
East Danielview,2019-05-02,19.41,8.12E+12
Veronicaberg,2019-01-29,48.05,5.23E+12
Davidfurt,2019-02-03,33.84,7.16E+12
Davidfurt,2019-02-20,46.67,2.88E+12
South Teresa,2019-04-25,38.81,8.76E+12
West Hannah,2019-01-07,46.64,5.79E+12
Lake Ann,2019-03-30,23.87,5.13E+12
Bethanyland,2019-01-25,41.85,5.33E+12
East Danielview,2019-02-14,20.26,7.53E+12
South Brenda,2019-02-13,31.67,7.82E+12
Colemanland,2019-04-16,42.08,9.75E+12
Davidfurt,2019-04-06,17.99,8.58E+12
Bethanyland,2019-01-28,23.73,4.13E+12
Sotoville,2019-01-21,34.06,5.70E+11
East Aaronbury,2019-01-10,23.02,9.27E+12
Colemanland,2019-01-11,49.28,4.06E+12
Lewishaven,2019-04-27,18.56,4.92E+12
Lake Omar,2019-01-17,28.54,8.21E+12
New Shannonberg,2019-02-12,15.31,9.48E+12
North Jeffrey,2019-02-16,26.66,7.47E+12
South Brenda,2019-02-14,16.86,5.98E+12
North Richardhaven,2019-02-07,27.02,6.41E+11
South Brenda,2019-04-10,35.83,4.34E+12
Grayville,2019-01-20,24.53,6.95E+12
Victoriaport,2019-01-15,14.87,8.30E+12
South Teresa,2019-04-27,45.77,4.66E+12
East Marymouth,2019-04-23,33.66,8.24E+12
Lake Omar,2019-03-03,33.97,1.57E+12
Lake Scott,2019-02-18,47.37,2.73E+12
Port Shane,2019-02-16,22.81,8.25E+12
Davidfurt,2019-04-27,45.98,5.46E+12
Lake Ann,2019-01-10,18.22,2.90E+12
New Raymond,2019-01-31,12.87,2.30E+12
West Hannah,2019-03-09,21.44,8.33E+12
Port Shane,2019-03-23,18.58,3.26E+12
Barronchester,2019-02-04,45.75,7.22E+12
Davidfurt,2019-02-12,49.55,3.64E+12
Grayville,2019-05-01,26.26,6.82E+12
Lake Robertside,2019-02-24,41.57,9.70E+12
North Richardhaven,2019-01-16,21.06,1.76E+12
Lewisland,2019-03-01,43.77,5.01E+12
Mezachester,2019-02-13,38.55,8.13E+12
Sotoville,2019-01-02,44.71,9.90E+12
Mezachester,2019-04-19,17.51,1.73E+12
South Teresa,2019-04-15,23.06,6.62E+12
Davidfurt,2019-02-18,17.06,2.08E+12
Lewisland,2019-02-18,23.87,4.51E+12
East Aaronbury,2019-04-04,16.9,7.22E+12
Mezachester,2019-02-17,34.17,1.42E+12
North Timothy,2019-02-24,12.86,3.76E+12
Veronicaberg,2019-04-23,47.51,9.51E+12
Lake Scott,2019-03-16,20.1,5.41E+12
New Raymond,2019-03-19,28.19,3.98E+12
Josephside,2019-02-10,35.39,8.54E+12
East Kentstad,2019-03-18,33.83,6.27E+11
Williamsonville,2019-04-25,32.93,5.56E+11
East Kentstad,2019-04-12,17.26,8.44E+12
New Olivia,2019-03-22,24.8,4.47E+12
Lake Ann,2019-02-08,40.27,3.08E+12
Lake Omar,2019-03-29,14.77,6.60E+12
Lake Omar,2019-01-17,35.94,8.68E+12
Josephside,2019-02-28,41.18,2.44E+12
East Kentstad,2019-03-04,20.83,2.47E+12
Williamsonville,2019-03-22,38.41,1.34E+12
Bethanyland,2019-04-30,27.99,9.68E+12
North Timothy,2019-04-18,26.98,3.68E+12
Lake Ann,2019-03-13,45.43,3.36E+11
Mezachester,2019-04-14,15.17,8.12E+12
New Shannonberg,2019-04-17,39.47,6.60E+12
West Kimmouth,2019-03-24,49.96,5.95E+12
New Raymond,2019-02-01,35.6,2.25E+11
East Danielview,2019-05-04,40.02,3.64E+12
Brandonfort,2019-04-19,44.24,1.40E+12
New Olivia,2019-04-10,48.31,4.54E+12
Myersshire,2019-02-15,40.6,5.02E+12
Davidfurt,2019-02-01,20.44,1.86E+11
Port Shane,2019-02-16,29.99,3.15E+12
South Brenda,2019-03-08,41.85,6.40E+12
New Shannonberg,2019-02-26,24.28,5.56E+11
Lake Scott,2019-02-02,26.45,1.38E+12
Rodriguezview,2019-02-19,42.1,4.26E+12
Lake Robertside,2019-03-30,16.53,30234681362
Veronicaberg,2019-03-28,26.01,5.59E+12
Colemanland,2019-02-16,15.04,4.03E+12
Myersshire,2019-04-24,26.84,3.89E+11
New Olivia,2019-05-07,15.41,4.68E+12
Nicolechester,2019-03-08,26.12,1.53E+12
South Brenda,2019-04-26,33.74,1.47E+12
South Teresa,2019-02-23,26.28,7.87E+12
North Timothy,2019-02-19,22.97,8.12E+12
Davidfurt,2019-02-03,40.18,8.12E+12
East Danielview,2019-04-16,42.94,7.30E+12
Brandonfort,2019-03-16,19.23,4.36E+12
Lake Robertside,2019-01-23,14.29,2.34E+12
South Brenda,2019-04-27,30.28,7.03E+12
South Teresa,2019-01-20,30.37,9.59E+12
East Danielview,2019-03-04,17.89,7.64E+12
New Shannonberg,2019-05-02,28.99,3.41E+12
Barronchester,2019-04-28,39.19,9.92E+12
Barronchester,2019-03-19,46.42,2.89E+12
West Hannah,2019-02-22,23.36,8.18E+12
Nicolechester,2019-04-28,34.87,5.10E+12
Lake Robertside,2019-02-10,20.98,7.33E+12
Colemanland,2019-02-10,35.76,8.31E+12
Bethanyland,2019-04-17,28.68,3.15E+12
East Marymouth,2019-04-09,29.03,8.44E+12
Rodriguezview,2019-04-22,44.68,1.14E+12
Colemanland,2019-02-19,23.45,1.22E+12
Lake Omar,2019-04-13,25.61,3.67E+12
Davidfurt,2019-04-18,47.3,8.29E+12
Davidfurt,2019-04-03,21.29,3.93E+12
New Raymond,2019-03-28,14.75,7.75E+11
Lake Scott,2019-02-02,17.55,3.95E+12
Lake Scott,2019-02-22,37.51,2.59E+12
West Kimmouth,2019-02-02,36.71,6.55E+12
Davidfurt,2019-05-07,13.05,1.13E+11
Port Shane,2019-03-27,28.8,4.40E+12
Lake Ann,2019-05-02,47.44,9.07E+12
North Timothy,2019-04-24,37.71,4.50E+12
East Marymouth,2019-02-24,27.38,5.22E+12
Lake Robertside,2019-01-25,48.81,6.51E+12
Josephside,2019-02-25,35.8,2.85E+12
Lake Robertside,2019-01-13,44.66,1.76E+12
East Marymouth,2019-03-22,14.13,6.50E+12
South Teresa,2019-01-13,20.93,6.77E+12
Lake Robertside,2019-04-27,28.29,9.60E+12
Lake Robertside,2019-04-07,46.5,5.13E+12
Lake Omar,2019-01-03,14.61,7.12E+12
Bethanyland,2019-03-23,40.07,6.36E+11
West Kimmouth,2019-04-29,31.59,8.39E+12
Lewisland,2019-02-11,30.56,5.33E+12
Barronchester,2019-04-02,28.55,9.11E+12
Mezachester,2019-05-07,44.87,6.59E+12
Rodriguezview,2019-04-07,13.71,4.67E+12
Lewishaven,2019-04-12,49.15,6.41E+12
South Brenda,2019-02-18,41.32,9.77E+12
Lake Omar,2019-04-15,45.64,3.82E+12
Lewisland,2019-01-30,46.7,9.37E+12
Nicolechester,2019-01-22,32.03,8.09E+12
Lake Scott,2019-01-11,23.44,8.56E+12
Davidfurt,2019-02-05,27.55,6.57E+12
Port Shane,2019-04-18,12.05,1.55E+12
Bethanyland,2019-03-14,44.31,5.79E+11
South Teresa,2019-03-08,42.68,6.55E+12
Josephside,2019-04-12,37.37,2.63E+12
Myersshire,2019-04-17,20.51,4.67E+12
Victoriaport,2019-02-06,45.86,6.84E+12
Brandonfort,2019-01-30,17.5,6.48E+12
Bethanyland,2019-03-15,39.66,9.77E+12
East Marymouth,2019-03-05,25.44,7.45E+12
North Jeffrey,2019-03-19,31.16,2.46E+12
Victoriaport,2019-01-29,35.5,2.19E+12
Mezachester,2019-01-15,16.6,3.36E+12
Rodriguezview,2019-02-14,30.39,9.18E+12
West Hannah,2019-02-23,23.5,7.80E+12
Port Shane,2019-03-17,47.75,1.42E+12
Colemanland,2019-01-22,46.43,3.16E+12
Nicolechester,2019-03-28,26.22,1.23E+11
Josephside,2019-01-02,33.57,8.53E+12
Lewisland,2019-01-23,26.69,4.36E+12
South Teresa,2019-02-11,28.64,3.21E+11
West Kimmouth,2019-02-18,49.38,1.63E+12
Davidfurt,2019-03-09,26.24,4.65E+12
North Jeffrey,2019-02-21,22.96,6.85E+12
East Kentstad,2019-04-10,21.38,9.08E+12
Brandonfort,2019-04-04,21.56,8.11E+12
Lewishaven,2019-03-29,14.21,1.26E+11
East Danielview,2019-04-26,40.76,2.97E+12
Veronicaberg,2019-04-02,16.63,4.53E+12
Lake Omar,2019-05-05,12.45,6.38E+12
Lake Omar,2019-04-13,24.9,9.45E+12
Josephside,2019-03-18,35.58,5.45E+12
Port Shane,2019-03-19,40.39,9.10E+11
Rodriguezview,2019-02-21,36.37,4.98E+12
East Kentstad,2019-01-10,24.65,7.20E+12
Brandonfort,2019-03-03,46.01,2.29E+12
North Timothy,2019-03-17,45.33,1.76E+12
North Richardhaven,2019-03-19,18.01,2.80E+12
East Danielview,2019-02-04,38.38,2.53E+12
Colemanland,2019-04-05,43.91,3.89E+11
East Marymouth,2019-03-13,27.54,9.78E+12
Lake Robertside,2019-02-16,47.31,6.27E+12
North Jeffrey,2019-04-27,20.41,9.03E+11
East Danielview,2019-03-27,36,1.41E+12
New Olivia,2019-02-05,35.76,5.89E+12
Lake Robertside,2019-02-12,20.03,9.63E+12
South Brenda,2019-03-19,48.98,8.69E+12
Josephside,2019-04-24,42.58,1.07E+12
West Kimmouth,2019-03-05,48.2,321833677
Barronchester,2019-04-05,33.5,91435348621
Bethanyland,2019-03-06,13.86,8.57E+12
Lake Omar,2019-02-20,33.61,2.72E+12
Williamsonville,2019-04-28,16.96,9.63E+12
Colemanland,2019-01-19,24.4,6.65E+12
Port Shane,2019-01-30,49.52,8.26E+12
West Kimmouth,2019-03-13,18.72,9.39E+12
Nicolechester,2019-05-05,15.43,8.50E+12
Mezachester,2019-04-19,29.12,8.89E+12
New Olivia,2019-03-27,34.54,4.64E+12
East Danielview,2019-01-25,48.32,1.83E+12
Brandonfort,2019-04-15,47.17,7.39E+12
Port Shane,2019-04-03,15.59,1.27E+11
Colemanland,2019-05-04,12.62,4.90E+12
South Teresa,2019-03-05,32.29,4.98E+12
South Brenda,2019-04-25,23.6,1.78E+12
East Aaronbury,2019-04-11,34.4,6.54E+12
Sotoville,2019-03-13,14.36,8.63E+12
West Hannah,2019-01-21,41.95,16507766547
South Teresa,2019-03-09,25.08,8.14E+12
Bethanyland,2019-04-02,34.38,1.78E+12
West Hannah,2019-03-02,13.92,7.39E+12
Lake Robertside,2019-04-03,12.76,1.30E+12
Colemanland,2019-01-10,27.7,8.70E+12
East Marymouth,2019-02-12,47.41,7.41E+12
New Raymond,2019-02-11,17.97,7.55E+12
Randallchester,2019-04-13,43.22,1.08E+12
North Holly,2019-02-02,12.42,1.99E+12
Michaelberg,2019-03-27,54.85,4.42E+12
Lake Latoyabury,2019-02-23,47.9,3.27E+12
Lake Latoyabury,2019-05-06,51.8,4.02E+12
Taylorhaven,2019-04-06,45.31,2.28E+12
Garzaport,2019-02-18,36.16,2.93E+12
New Ryantown,2019-01-27,42.68,7.99E+12
Lake Latoyabury,2019-04-02,13.46,8.23E+12
North Holly,2019-02-16,39.46,4.57E+12
Bradshawfurt,2019-03-06,19.74,6.08E+12
South Marychester,2019-02-19,32.72,1.48E+12
Bradshawfurt,2019-03-24,57.51,2.30E+12
Lake Latoyabury,2019-01-22,13.5,8.49E+12
South Marychester,2019-01-02,52.12,3.45E+12
Jessicaport,2019-01-01,43.69,2.42E+12
South Jennifer,2019-04-01,21.63,9.14E+12
South Marychester,2019-02-21,55.4,8.82E+12
South Saramouth,2019-02-20,44.29,3.62E+12
Lake Latoyabury,2019-04-22,38.46,1.67E+12
Lake Jamie,2019-03-13,26.09,1.60E+12
Newtonview,2019-01-08,19.39,5.35E+12
Michaelberg,2019-01-18,15.12,1.03E+12
Jessicaport,2019-01-14,18.05,5.41E+12
South Marychester,2019-01-15,30.26,3.84E+12
North Jaime,2019-03-06,44.17,1.15E+12
Penaborough,2019-02-24,21.89,2.07E+12
North Jaime,2019-03-12,23.21,5.99E+12
Lake Latoyabury,2019-04-16,24.1,4.90E+12
South Jennifer,2019-03-07,48.79,9.73E+12
Taylorhaven,2019-03-05,38.18,8.56E+12
Jessicaport,2019-04-13,39.89,6.51E+12
South Marychester,2019-03-27,34.42,4.23E+12
Penaborough,2019-04-27,38.33,5.47E+11
New Ryantown,2019-04-18,42.97,2.31E+11
North Jaime,2019-04-04,51.83,9.12E+12
Harringtonfort,2019-01-06,47.33,3.85E+12
South Jennifer,2019-04-05,32.2,6.84E+11
North Holly,2019-01-04,24.88,4.20E+12
Newtonview,2019-02-05,45.02,7.08E+12
Randallchester,2019-02-19,58.55,8.00E+12
Bradshawfurt,2019-03-24,19.89,7.87E+12
South Marychester,2019-02-25,54.66,3.14E+12
Bradshawfurt,2019-02-18,34.32,8.88E+12
Bradshawfurt,2019-04-08,55.19,1.74E+12
Jessicaport,2019-03-18,33.72,3.05E+12
Michaelberg,2019-03-27,38.62,3.64E+11
West Heather,2019-03-12,26.55,7.04E+12
Garzaport,2019-04-17,17.31,6.09E+12
North Jaime,2019-02-01,17.05,9.48E+12
New Ryantown,2019-02-04,45.7,3.57E+12
North Holly,2019-04-21,18.54,6.26E+12
West Heather,2019-02-22,17.4,8.70E+12
Taylorhaven,2019-04-03,38.92,8.30E+12
Bradshawfurt,2019-04-07,49.7,5.09E+12
Michaelberg,2019-01-11,16.42,8.80E+12
Michaelberg,2019-04-22,19.27,26848733115
North Holly,2019-03-28,35.45,3.26E+12
North Jaime,2019-05-06,41.18,7.33E+12
North Jaime,2019-04-04,43.86,8.20E+12
South Marychester,2019-04-23,25.94,2.94E+12
North Holly,2019-01-23,40.24,3.92E+12
Michaelberg,2019-05-02,52.71,5.65E+12
West Heather,2019-02-22,33.38,5.55E+12
Bradshawfurt,2019-02-23,37.05,2.07E+12
Penaborough,2019-01-14,54.1,4.33E+11
New Ryantown,2019-04-30,50.81,5.36E+12
Michaelberg,2019-01-19,38.68,1.03E+11
Taylorhaven,2019-04-01,54.65,9.10E+12
South Jennifer,2019-04-02,14.11,3.83E+12
Bradshawfurt,2019-04-10,19.07,7.39E+11
Taylorhaven,2019-03-05,29.45,2.16E+12
Harringtonfort,2019-02-17,30.58,6.84E+12
Randallchester,2019-02-11,25.78,9.01E+12
New Ryantown,2019-04-05,50.98,4.83E+12
Penaborough,2019-02-03,51.8,5.38E+12
South Jennifer,2019-04-10,43.25,6.24E+11
Lake Jamie,2019-04-30,37.33,6.76E+12
Harringtonfort,2019-04-16,17.39,4.02E+12
South Jennifer,2019-01-30,37.05,9.55E+12
Bradshawfurt,2019-01-19,56.78,1.25E+12
Jessicaport,2019-05-01,22.44,3.73E+12
Lake Latoyabury,2019-03-29,13.84,7.91E+12
Lake Jamie,2019-01-18,43.57,1.17E+12
Randallchester,2019-03-25,10.37,3.22E+12
Harringtonfort,2019-03-10,19.02,6.72E+12
Lake Latoyabury,2019-01-24,34.74,5.96E+12
Taylorhaven,2019-04-02,47.07,8.57E+12
South Jennifer,2019-03-11,49.82,1.15E+12
Harringtonfort,2019-02-26,54.66,9.20E+12
Newtonview,2019-04-01,26.73,3.72E+12
Michaelberg,2019-03-10,56.48,3.76E+12
Penaborough,2019-01-22,10.11,4.13E+12
Lake Latoyabury,2019-04-14,11.94,2.04E+12
North Jaime,2019-04-27,14.01,2.16E+12
West Heather,2019-02-04,13.97,7.12E+12
West Heather,2019-04-18,46.6,3.67E+12
West Heather,2019-03-02,20.99,5.77E+12
South Saramouth,2019-01-28,31.25,7.12E+12
West Heather,2019-03-06,48.11,2.57E+12
Garzaport,2019-05-06,18.9,8.83E+12
South Saramouth,2019-03-27,11.87,1.70E+11
Randallchester,2019-04-07,10.79,1.62E+12
Harringtonfort,2019-01-09,31.84,3.73E+12
South Saramouth,2019-04-12,57.23,5.08E+12
North Holly,2019-01-03,19.9,5.56E+12
New Ryantown,2019-05-05,26.53,2.30E+12
West Heather,2019-02-02,53.07,2.46E+12
Lake Latoyabury,2019-02-25,16.18,8.49E+12
South Marychester,2019-01-19,49.44,90058815985
Jessicaport,2019-01-31,58.29,6.23E+11
Michaelberg,2019-03-22,38.3,8.03E+12
North Holly,2019-04-18,30.94,3.44E+12
Michaelberg,2019-03-13,37.72,8.84E+12
Lake Jamie,2019-02-25,28.65,5.82E+12
Lake Jamie,2019-04-19,16.29,3.52E+12
North Holly,2019-03-18,40.34,3.79E+12
Michaelberg,2019-01-27,38.42,8.63E+11
Lake Jamie,2019-04-29,54.22,2.49E+12
Bradshawfurt,2019-01-30,51.39,1.33E+12
Michaelberg,2019-04-29,13.38,8.55E+12
Lake Latoyabury,2019-01-30,20.76,9.02E+12
North Jaime,2019-02-10,11.11,2.78E+12
West Heather,2019-05-07,44.94,4.26E+12
Newtonview,2019-04-25,55.84,9.99E+12
